steps,minutes_active,day_of_week,calories
11583.036266515432,56.266261470328494,0,730.4199436877043
8228.80044543302,47.29168874047757,5,630.2973834844471
9451.942738324491,51.59887077314529,4,684.8049544385751
7858.042014018271,60.55219060557072,3,669.6110107986825
7573.981047089489,28.810273622144674,3,466.67511017606785
6051.294008186451,62.56117157816399,6,625.9871921971996
9075.753397393883,17.539939662289218,0,536.1064733465867
5871.1570270355805,51.56735945663076,4,654.4693367231873
9663.963090783573,48.574819265726546,1,677.8274196653697
10713.217511114775,32.674138236157845,0,689.7988156352687
8916.328518093074,44.54629449348707,3,567.7895519833028
7284.3781661107705,32.54919694668894,6,547.946744542663
9134.91394827174,23.565973462765115,5,445.83307680130105
7228.317361133969,37.92770516772711,5,603.9517203387719
10338.867813662873,22.92022729256677,5,727.9273464933747
3421.4847894621907,51.45594928186496,5,435.8283762319661
7160.981579703384,21.99829011695273,3,243.02552462525904
3022.9700121900055,59.23954045982103,0,432.51020858694056
4262.347924431988,21.370418641423598,5,397.26643956896544
11409.655574534774,33.67410168837987,3,702.6769760736897
10237.962454929215,32.50793183569642,3,624.4791771053495
6201.299416788024,71.50293457749677,2,757.7630526128887
4243.741359897757,51.605798912331835,1,518.140723009775
588.6779053958719,40.765323949112116,6,365.5570749065985
6641.261230168414,54.97438882139447,5,669.0506762668622
14051.037530618505,2.8561530534062385,4,700.9144557641343
9087.21067865912,44.13732820718185,2,657.0160831019563
6601.0692848762765,84.95028355609526,5,846.165224851139
9162.700523750766,47.64693012805345,3,627.8194358714885
4097.604117513893,46.35826338338671,3,393.93688007615555
7256.691593255911,55.962567592843925,3,762.5844805208178
8248.693682539346,62.91210486628691,1,724.7167506051104
7784.748370447379,5.0506661422028065,0,406.08437694010235
9977.015304225202,11.353470364179463,3,477.10063550699607
8861.61306559013,49.20582582172293,6,602.7782254803458
9670.815045269992,30.702468762049804,0,571.9260457896906
6279.069294423101,71.24050524439828,6,793.4853246647309
10244.53852102637,38.69651220229552,5,686.3798199971818
12072.34236905998,6.309385285737643,1,383.83215369838837
5574.626200871468,19.63972166312006,4,323.60382148748675
5780.760860713601,0.0,1,373.81393784492104
11339.460840800582,40.31748925434175,5,678.3796202100774
7521.640033262349,41.23231745471233,4,404.2212107200336
11509.553480166393,36.510745804362045,2,830.8905248666315
6893.66072026954,66.57758078059477,0,729.8033142793737
11637.613940676778,68.97039673033387,6,873.7259093040503
8328.714542013631,41.592231532877776,3,552.9885519912464
8645.572058306738,2.306126650462881,6,446.24779661838556
11911.795054174761,57.34563160984517,4,777.1869198079662
7095.5738063895715,56.10720457017151,5,712.326693637891
5647.1947601876045,51.1878314031389,5,576.3904016842781
6878.5894799291145,64.62959498616232,1,682.4957031531264
9130.834876607847,21.7034380707792,2,507.0952079158367
4085.602319548714,85.17510772370278,3,660.477296187031
9593.677256627803,25.81144493716264,3,622.2669695048291
6653.071705955642,59.984458544017095,0,556.8021929341816
10869.53165183391,11.253046111732967,3,372.54553259733746
2014.349237748821,26.394706254598983,1,288.0974168689447
6033.585562239578,75.32737293450673,5,743.8067263419954
3783.829621914745,39.782003539983,4,428.46449831742916
5934.426334090119,61.79845210265596,6,640.7860355489836
8619.164752772358,49.73910777438492,5,617.5580064902
7551.9334363756125,42.90083687999655,2,622.4809750858458
7366.556077629963,72.27700649865379,6,724.6796319567579
7602.037821549848,40.26682350696199,2,506.71336903855166
8508.470601549858,9.38523784873059,2,371.6989461739459
5478.65989514223,28.935198160965896,6,554.4087606735511
9767.124102247626,56.023834574033884,2,588.0298849704739
9656.66492596371,52.91018212725016,0,743.7107381457132
8962.594844140252,13.658834995291237,3,306.12796952746015
9391.333606878157,30.513149611835978,5,550.0735748803042
8741.045002021649,33.365573015955064,1,515.1450393642614
13087.68325682767,37.6906081177155,3,582.8487152450095
7782.264572368726,17.481728227968972,0,447.3039594972639
7232.291954163558,32.43257783761043,4,453.48410021682923
6116.181049106555,30.42779029480945,3,259.27747632821934
5419.343323555408,60.43066519523839,2,646.5231713755868
4888.820530997312,61.182426219804874,1,677.4478727978365
5778.006716922704,42.08379083822368,3,602.8329610899759
7823.299045869821,37.15920408258537,4,564.6037015824227
8835.737821244285,47.79848624078227,6,643.9050813806342
8127.855146380404,28.6684978508885,3,603.377722632211
6086.161806425717,22.063358356651182,1,510.41730922414365
10250.461410049907,26.19557582148566,5,657.8774075609604
9848.531680752369,32.30373672057087,4,512.4406793751359
7600.879231444957,21.730524004154578,4,450.5259015399195
6367.7096383382195,48.2411911812575,0,579.3168241643881
9371.069802074499,59.59431347567417,2,587.6393154236466
8469.93396871526,13.258033984035166,5,455.89441542248335
4379.681851462381,45.50257422432067,5,630.0420654827703
7830.049360038988,40.60128409467329,3,608.0045722336627
8655.089530185953,51.830173710736055,5,775.0576699871949
5750.763033780616,44.74122463792824,5,513.1110475890905
8474.608482093607,15.928014401367383,2,428.69495977324283
4362.943786855527,19.75221402285669,6,323.53274681783927
11340.465250030427,45.58847151169945,2,661.8833072326591
11119.874962648579,65.57561839491018,1,761.1466938966531
7368.706664242588,0.7162525791399421,4,400.3501466180924
8908.635844597682,51.9145315960316,4,777.6200107894184
1975.1950855003126,68.79244010575286,0,412.47393880754163
5109.130849336668,41.939482475875735,5,533.4420331930303
7265.552699619676,56.004049920528814,1,619.6896094594782
5319.667446432852,30.938618382043956,5,425.60309410881223
9785.991206576648,42.612676014462465,0,683.9331955046458
12993.241326869986,12.581729633836968,5,674.7680683277667
5058.463201426745,0.0,5,208.95598420612492
5906.341489787018,63.855316024505505,5,732.1985153626686
8588.620920774825,25.300101445511164,4,520.098472684854
12027.790371249052,35.88944309993139,3,746.3830152471131
4944.064218650242,17.271154934596137,4,234.72849103060682
8622.590305767355,16.800605938322484,1,618.3999687170158
12553.247127032771,41.523245998107676,5,788.8553549263542
3870.6021295518317,30.40845611728707,3,394.3146159134036
4797.32698288542,52.55941995989397,3,378.5947341778573
6940.983483847905,54.05076837959184,3,536.127787785139
6698.528967861473,51.41699292649214,3,675.4738113069102
10031.50321938411,49.772015818568875,0,722.843513150186
8604.149299552095,76.55536409863772,0,650.395777787596
3562.5948508946794,23.64812461910228,1,367.45573606910636
9288.526007252027,43.90130267594164,0,591.4462319975131
6556.152781610874,67.65379641039178,3,781.0742485969226
11186.118042353097,70.29079618676073,4,862.1626445263922
6431.031158907701,16.56472701310854,4,373.0061433166017
6408.46179224441,38.7528911668826,3,583.172184978404
9352.829027011328,72.16242191734521,5,735.2882549161513
9907.316205842342,55.1615821039813,3,647.8343962308663
9120.24840984051,48.90526062959545,0,642.5216265393445
3786.0067065379794,40.646306131306865,5,461.49192901905815
9345.086099820628,37.32398148584509,4,491.2771526988165
5414.229870814002,50.764381261806484,4,387.7127144122712
8588.190278970658,39.952517500310336,3,649.1403903241917
4440.66391150235,44.148427579111114,3,394.2788569294004
9115.805368857658,46.571974122300745,0,612.6859784544882
5983.502739231569,31.438569430130016,3,279.4266939948296
4793.4133743486955,55.642587477628766,5,471.2737146915618
9784.550341205999,103.2848929683084,2,1010.4859877275984
8604.111304191878,9.460267213478497,4,475.35628405837747
6465.057996517758,51.4802504837996,0,505.78540946473674
11627.947122552661,29.79619822762189,2,776.4851638864375
6898.368946075644,56.548051550385,3,560.4585852109517
8080.269184927337,45.931149466557216,6,544.1503200696228
8672.283619196502,60.23709548084927,1,831.3025218047799
6450.835164678466,68.51013153017558,1,686.0110079573054
9177.840733499823,48.848422355363624,2,616.0421851512486
6666.369132088189,67.64104576828356,6,660.0903893987814
6970.904194459477,0.0,5,387.0820539817438
11406.606599508354,76.80904595832047,0,1034.4147653003115
5398.534868718917,52.501243037846805,1,465.60539863421707
1968.0491726762746,66.55686711490364,5,474.6684647901441
12027.342487529735,20.602485103169567,0,611.9211563336127
14373.319881517507,28.384602367893287,5,666.3412006267323
6986.82683637667,47.918765882895485,1,562.5308645404402
3157.9048984495366,44.65924221325074,6,394.6974780536219
7223.790059510141,50.66137176019979,2,684.1365912565433
7284.442625398327,66.69030321859933,3,788.1135265924252
7525.190397444358,9.695593693943017,4,332.8444261927118
5216.529895195379,64.47638143434618,0,578.4032329050273
9448.902856191193,45.16563819915854,3,702.0933276070498
9311.268438215215,40.924362777509046,3,571.1818382795019
4263.9859504517335,15.577695312302193,5,311.1168220308747
9747.99182923722,55.0609733675373,6,713.2529943851754
13131.712454864728,0.0,4,447.7166119754995
8429.90083109265,57.967880224774255,2,608.4563775619797
7156.687094828735,15.157883290540163,2,492.9794792188786
7644.991963981197,46.06915825234948,2,569.7009097418809
9538.141917421402,42.61662325344159,5,768.4537437293706
3673.3209862319545,68.39076294587767,2,516.1865162673514
8410.976757443255,41.4268966197222,1,608.2968661065829
7023.840126342975,31.117228777086687,2,659.0711155576985
12619.562532390113,34.86794608057594,0,629.3992382059979
7564.568165487605,70.45765537509327,0,573.5034988780817
12169.7190277988,55.72593938361787,0,924.071607916638
5240.648255544982,37.287400369536776,5,367.20560400757404
9468.14791700698,40.27107160070973,5,618.6958371560389
8798.500659478072,13.656458188291062,4,387.0053186727424
5827.381880338044,52.76948401703082,3,571.1652017921319
8443.49028659235,9.803685846090687,5,320.5188299653788
11031.297092079001,60.03592931670912,1,787.0722525527503
7190.520739283498,47.572431849825314,6,609.0406467948146
3770.093377075592,92.73903599147845,3,626.5732401299533
7956.092933806385,22.997288925513885,6,400.2207285336676
5743.942263018718,42.94675817918734,1,459.64761290799026
7144.147653340294,80.96575401846125,3,657.2551955062769
7796.030575787197,68.82779280582828,4,691.0031012425578
3735.869459961207,31.075758968402006,3,345.39305540109245
3960.854151698305,49.47934856746895,3,423.34634214567166
9205.167088813812,45.039987128301746,1,616.736486887825
6693.203259575799,50.63911734788314,2,569.9707007978039
1588.1391454485822,31.026391280303404,1,197.2244365051786
9962.110091520337,43.21359194598531,2,713.0509606060755
8680.9243881856,13.038952494465725,4,540.3489404783604
6215.31293990879,47.70246903736164,4,497.6769004448855
4707.924472354396,54.00041346843664,4,551.1353182230123
10089.519740785843,40.45161174712232,2,627.1210876793959
8873.376556401074,12.698982188304244,6,460.3679429889488
13956.505706710184,64.77063725702925,0,1072.146414306843
9050.471496812343,52.290500759856045,2,716.4546278730778
8969.257853155037,30.479698045980463,0,399.77533929730976
7582.680174728587,39.38799106323872,2,575.9548038843326
10041.939668001978,14.986611944363224,6,590.2263578509792
9562.713003120385,24.49179744444191,2,511.7316111916186
11129.312521412987,34.24377307285721,6,730.2859237830894
6696.6927034067885,69.56841624560302,3,630.068962317734
6911.481317640094,32.20993218225048,4,350.8757130373248
6802.24207272005,57.80427318657517,3,630.2088435348643
9977.004302947473,34.23367594276841,1,463.96409011480426
11745.93610074183,49.958951217037495,5,750.4094703004108
6852.898767126749,42.17208995712396,6,630.095871439454
6938.065680517272,62.46113200185487,1,499.50838677211766
8785.193059674499,34.303773235628846,5,454.8706181276412
7385.596249967746,13.549434999951181,1,294.1578803854907
10380.134132849726,17.36101937272735,5,514.3058927734763
2370.556773452383,34.36245012114485,5,271.73962881326764
5933.237382707764,20.018800586438946,3,469.3732093626312
6043.959165096386,53.20424031359103,5,637.3316748127374
2199.1099690346377,35.684636702838446,1,341.694054663904
5590.90388907799,92.49213100052863,0,790.2393667138022
5712.109710385184,10.24570809725736,0,321.41701915773774
7497.238363702924,49.07266357419602,3,525.366927568223
10782.41472915066,22.44093952988662,6,634.5190546298752
7387.348372023244,35.13197319234643,0,417.3222336862722
5422.965699322115,47.82838946681088,3,570.7191242859284
7857.613646966178,0.0,4,409.1959460481536
10622.934053603374,49.73652233576055,1,740.2056643257453
5560.102959712738,83.05814924548335,5,706.6559691444515
5723.562790196379,35.93123403262814,2,476.5547084683979
9396.372398185558,50.19615713611019,5,448.1103691360296
7446.159710672999,65.49843386250798,4,715.0176490808047
9618.711726773687,41.72092999946007,3,626.0057292405232
7965.883020511758,33.38079622937033,1,514.869849152133
9754.159120223918,0.0,3,446.6889658407829
5412.304714898398,57.81981438789947,5,557.4295611981545
7969.7883730293315,42.73663180542206,0,483.9947772216129
7473.274964092108,24.746322972236765,5,436.0967227310747
4960.272689739673,47.531934205553874,3,489.00695154937614
4091.305130328279,33.32639286387637,5,372.8052753228704
9714.372588186654,34.43147737768949,4,608.1173171764086
7122.619044455055,57.12582312217416,3,710.8092241047314
5444.299295881676,18.23235177352311,2,240.28331823367387
7759.552657691669,65.94630572147517,4,720.1159771297058
10820.047143373256,17.046276737631928,0,638.273922050181
2298.1553865701926,31.745971832894725,4,143.63312670520043
4258.403275241684,83.45892388133154,0,685.461408760061
5692.783895261831,67.54709523284845,4,586.1636470497205
11652.947166800823,46.952079849908806,4,718.1735350136373
8706.467457298242,26.18939568997567,0,433.01047217462997
9918.293101153067,34.41455386600214,5,589.6549899861
5149.597702184424,46.46550629171393,2,632.0773949918129
5201.160311823684,45.75046464679197,5,381.39477145952213
9119.534291806776,43.18258140748074,0,530.3080599188493
8145.685827338616,44.38334971831631,1,487.97276579036213
9371.847047160316,40.71249780589772,3,757.3423316520469
7530.82252267887,16.160425287199743,1,361.20827618865036
8695.359316136568,34.66978515678334,2,553.7819587583488
8395.297712262773,63.29248107973693,4,683.3441596804333
9944.418472712314,17.633314048977653,1,428.0227929301112
10017.520704861177,41.20888976921443,4,629.1421150805788
3950.3200140205754,28.60492142458312,0,526.3018175672465
2381.828611647861,47.227008587962224,1,490.00086967162827
10504.363494128767,37.22733637866364,4,575.3035326137508
10969.312733154842,74.54787329949338,5,937.8656773680889
5448.442451216656,55.13166308380507,1,482.20585473818653
3350.4114836359286,18.76393668445577,2,104.4906683444741
8247.587052518002,58.424560232273976,6,762.0117169075343
10327.095565876323,29.50696287475874,6,682.9330276150894
12493.986306085786,33.46007257244933,4,784.2040677619593
9290.743930253628,51.276380402142436,3,641.698819685434
7070.708258535763,35.1650516053973,2,480.4765812536554
5767.173446037843,62.857116326459106,4,667.8108800929182
8028.628229176636,29.509798769732093,4,529.5236047733065
7251.838240286859,32.621068948172734,2,454.30894559674726
5462.3302356779595,31.872582129037824,0,280.20295659189213
13121.889127158216,33.68722503289922,1,736.1089308150849
12462.921005180327,66.98383111095626,6,986.7405980118398
10840.121708888571,57.575925872206064,2,683.2533604660467
5697.874005477181,79.19887908024143,3,754.208985234614
10137.548310743197,90.3528840779851,3,974.142572508334
9599.066023744754,24.385659361353206,5,590.2884581764961
9106.364060510132,46.40838254654578,0,712.4628976772005
11124.163167609442,21.47599366713134,0,518.2652693531376
9588.427857153194,29.447881445034657,1,430.86765094314
9850.03559076084,32.39834979488661,3,545.7099603451229
9592.265708430525,23.856902517234513,4,597.9622288427886
8851.978520005265,23.962254542031726,3,454.4923557703233
3540.972175714541,42.114312429594904,3,338.80129569753973
8209.052693526393,20.66563163227186,6,306.6478701807158
6609.520102877187,61.84253918275266,1,775.6478435756785
4800.397605899949,26.644929251649717,4,417.9425710599211
12204.54154825206,101.19137940192785,3,1156.9216168436305
12322.488352214259,35.972310980712095,3,786.1514309152008
11398.05150073903,46.44035283834104,5,780.7008459830796
8638.033542139687,19.093176310679297,1,440.5340911353009
11376.562802381643,79.12183516255278,6,916.6923947408064
8030.132951504564,67.39001361605833,2,691.3402505891626
8506.993192244448,50.93831741472225,3,856.6888925313115
5266.321573845043,18.063949024408686,3,363.50951960420923
8992.4782612471,49.213337554492405,5,617.8751204687237
8150.964821061043,22.5713790796549,3,498.7066092536735
4743.369707913839,74.24710526946721,1,554.3479065048514
7872.007220458508,61.18389463706345,0,802.3441941278592
7800.676090357979,46.90878076975472,2,540.5942005682763
12493.9029166116,0.0,5,539.8429512742613
10235.533321283523,25.33168042681939,0,646.6896257917081
8028.613597728665,58.75522263199745,6,704.4573632375307
8621.968274502708,69.25767383446312,3,767.982373332458
8110.530945260495,67.18339622984263,0,728.3857819779568
7492.715038011131,13.159739955170892,2,374.151753500502
5293.932006529283,51.031046136258084,3,471.8076779645196
7622.370305982677,65.31030432965859,2,660.7979638356823
6134.754358368717,11.833288688355097,0,434.75713635695405
4874.211152692134,44.841909692535275,4,455.3369736480845
9278.054536368836,50.476847966169125,4,611.1195677011464
8978.161649833088,38.984708303065304,0,551.7309080627947
3533.231221579805,7.956762891975968,1,277.09948067082587
7693.2884062621815,38.48603779852542,1,592.6962936947981
10489.253464749809,38.45389139489952,4,695.1198212179701
10648.059347240802,42.03855190904492,5,657.5519894311183
10564.592107213097,33.73057149149861,5,670.8361108513512
8097.28301725365,36.13975693517065,6,489.24497230511815
5887.386680077122,44.205874353060445,5,479.9615908137856
5290.7529316048485,53.84909209939422,2,612.3090288518989
8861.512261875894,38.911464742866656,0,657.8714932457609
8948.200085912908,36.807021432639964,4,500.2173443562918
11218.327779012663,46.84708076508916,6,661.3734795183553
10749.94912585521,6.581681482096369,6,478.1842261518594
7669.428358672069,54.54070254452916,1,772.1119395876185
4889.4853028478265,44.98873805754082,1,312.26662730163844
7202.233507472755,45.793870531951235,0,585.1191986562579
8543.077987026312,64.21468615188928,0,616.9277698665362
7494.79188652649,5.943689399035037,3,284.70733237322617
6555.26472980586,5.523322602820726,3,266.1962513640194
8632.212037424748,50.47607690647039,2,614.504275460861
6740.105646473474,44.857662897429684,2,496.04652807078037
6429.834790686565,48.40353886383865,5,548.1911896406041
8778.6320857586,35.75745849655109,3,522.8695890792042
6995.018549676988,58.287073484798626,5,512.526592107539
8610.26097244588,63.6527768598224,6,788.7166690585917
8683.010057130306,54.67964587903054,2,735.6280509313059
5151.427497271064,39.78343083190834,1,512.2116296841061
6796.89719033647,2.846212247711941,6,165.69440139860387
11594.442349791156,60.384724160742564,4,849.9994911628337
5094.801218164283,69.43457332435186,2,674.4777971372364
2708.3638775736727,57.8911682396796,4,373.1853990658577
3345.387116893721,27.40715145264987,3,298.99225324621835
8072.774866441673,58.475887873355155,6,664.4649902729686
8077.293195081747,62.21059415922891,1,843.7273454441045
7705.972861437198,76.17632495598171,6,919.256547154384
11035.474572321255,27.47780151544085,6,473.13728051907924
1317.9139172426553,40.47090830911723,1,495.05616700264875
8989.83468607706,59.945441022869105,1,646.0479758880311
11903.595504508934,46.14820142876316,3,831.4868922991303
5180.548087770715,22.653447958974503,0,420.7824497337741
7050.4837205252625,53.29232570053406,2,522.1180848768703
6117.770206928448,56.573232676303334,3,623.6116278420858
5764.134884806178,46.75925792662004,6,502.51824341068226
7184.3449874424,49.391698543598885,6,628.0703911298806
11568.713209211262,39.825881966285394,1,720.1576043566129
12593.466688718801,74.56557871432119,6,1046.8392986642991
7160.151937399631,26.986156325746467,0,454.354978902149
12762.650535161176,33.25358474472442,5,696.5976043206887
8088.941192461562,45.219710270550515,5,682.5610479663401
12384.227566752703,62.57908055401785,6,917.2752631829035
7766.75337586627,15.052536598109265,1,459.53042616897744
8327.64456511536,18.794065004691216,6,392.70323885207404
8913.686181607087,4.245429845305644,0,298.39900382423946
15947.134198418838,45.65390450506541,3,866.3910235069299
10128.213937111972,22.633883655869123,3,491.26614856524657
6231.838675121341,37.308997799641666,2,536.0234752949368
10422.494675689644,58.22756379783416,0,844.3438938381149
7095.418657289147,32.16914558434307,5,464.42119663503223
6775.624542746978,49.625640454867295,2,683.252345945031
10271.503399730278,39.013241844965556,4,754.4171385602149
8077.713969427882,58.44228630192874,2,693.2341899007309
8696.439786279516,54.50256134696018,2,609.1216178094985
8034.963054663232,31.1613260765078,6,634.3966106004193
8841.457816513586,41.62696493199095,0,598.5387141702165
9062.414743590372,65.8748679544099,5,767.8390131845522
3157.582668236462,52.86753740508194,5,416.34012911142463
9666.431671523835,17.06075884497737,2,417.8385938270418
5544.951450424249,58.112361223427655,1,452.9810709323125
4394.252161101472,23.307787551275236,0,366.24627763629337
7853.971890353294,73.25026139922012,6,690.9883596977229
8209.952508286136,65.4819767968205,6,966.0524594321143
6266.2345885692985,50.797709518368016,1,468.54975404398175
10077.579644169937,48.14465686872387,0,591.3805289806312
4644.562084072732,40.8193548794516,0,471.50970988869415
6982.640628068602,58.57047902800056,0,753.0735776081311
6537.814662667498,37.584436610758765,5,492.18637872671025
7883.531824151652,49.71139741279788,6,659.3890510578353
8697.160711618097,62.43868733038902,1,575.0347590503612
5480.267625941138,33.76386912948821,5,367.59299615923345
9810.70669364057,32.676145200186106,1,502.5958806157341
8157.505920836749,21.11269038551082,2,301.3727111507044
3270.1343667202236,23.710545077476553,4,282.4270638555792
3103.5213990074226,8.432093771169953,5,-4.692791141518057
7969.201767676722,59.596575780310594,6,570.5718481019366
7447.581705534115,81.17829084165541,0,741.9975097502237
7741.449716063416,73.50657886940611,1,684.1945949828873
7930.043858674455,12.47831022746967,1,423.7842958883616
8563.899598775452,59.497093431124,2,723.9849598899605
10369.124024620749,73.44212699847112,6,926.9216226504933
5222.2377477061045,35.86380038522672,5,484.2630108366187
5070.071017748013,47.02894861300099,2,576.241555536837
5266.690355281544,4.842138983906592,6,239.566976113977
8722.291667921767,50.33472335953283,3,675.1773589394013
11112.368446616114,23.72880541130565,3,627.7886664860137
6921.651404401224,48.99270035823029,3,582.1547941167129
1745.7503896008636,13.775941556222392,1,120.71012012800297
3740.017843474061,55.85716448955192,6,458.1482979290924
5917.408193009971,65.4902535085338,0,564.2331769052043
6605.677781261963,29.336402765696647,1,473.97487423744474
6979.028431863184,22.26154837179131,1,405.20921357846277
8096.452807452292,1.8795391490003777,1,282.0814471411528
7220.634172943882,39.67172931849646,0,473.8761572827666
10623.349026358517,33.3681213143679,0,528.310790717925
6309.956735796578,13.979611753038906,4,414.58324724907254
5844.205101311142,54.060375126243436,6,564.4198683724493
9197.188846301155,36.00059236270702,0,514.8671064624267
4160.894825184701,23.48528082709535,2,372.03129793812167
8974.229263300005,33.90855188719106,3,517.5845770715968
8256.382959315668,66.42609077859231,6,616.291812883202
7631.393775204581,57.058738875104446,4,729.3059673963406
11970.690267873157,42.3994787700302,5,690.2567241698184
6444.481386763206,57.38210036929705,4,569.3599304696073
13150.745426310195,21.78176087226522,2,660.0147839139333
7436.421376929752,45.64740201454061,1,662.7484049876429
4807.458887574429,47.94644660972941,6,481.58001843065864
8174.798952487064,35.60326983002546,5,444.68220698801684
5309.3869992030795,53.70916671914836,0,578.1406406119877
6120.61038046625,29.391330907110977,5,382.3732227203779
8992.583250038728,55.196414155522355,0,841.9157326570405
9388.955221625312,56.03717543062584,5,711.6916836889363
6444.580749364354,0.0,5,78.98039014268087
10468.512862616002,68.80611407020236,0,860.1663966983081
10893.769395052836,0.0,3,591.3185991829317
11590.754391408227,32.67901948887749,0,785.7779156732252
9323.533517814305,65.5069606851551,3,912.459447924028
11408.571780214246,38.65426549495119,6,606.6876493477599
3298.003930064856,15.67628035060916,0,298.95003098439145
7205.233628428844,23.125258765666587,2,369.20133455221634
5832.486859191435,65.53811492641239,6,644.4713158794857
8298.06465281848,6.569909389027235,2,269.505848147724
6571.376952008157,67.57982201924034,0,616.7775490051511
7584.605395125669,43.89795801915421,3,512.6722281308628
12705.437200510123,21.15209339115133,3,707.0144707787222
7575.700508949054,33.337698553946176,4,567.1117414152117
9034.480792975535,24.655513177967173,2,531.4578891332901
7419.326675189412,62.324504017170575,6,562.686377666169
8189.283219892084,59.648556195256766,3,660.5315112512463
8015.041701090178,10.616777322479066,2,324.61301334306347
9120.810164932898,36.92815762961332,6,655.9754129105552
10913.268838867942,27.73628675311446,6,697.2032622987792
12118.484994008324,70.8701993691874,3,994.4714428579281
8774.050204772917,17.99801763747158,0,398.53256046238454
9473.867215089005,77.08458209370028,4,622.2995313826035
5122.838727036083,44.334105209661246,3,329.56122848900645
7780.308143960949,21.76131187239825,1,555.5103552394041
10350.723662208973,31.45451631981444,4,570.6556492616596
10164.921596042883,28.967623184630988,5,520.3446334882922
8529.024331987626,19.50763195968988,0,589.619588512543
10215.984898919882,46.89653719460751,5,791.2314147635066
9226.916772484547,20.441688986163133,0,493.6827025699436
11000.765645648304,1.3926758252362248,5,424.9144334922316
8723.397892392777,37.40647058303654,2,562.8066421688802
7110.754211072413,8.942876071642347,0,356.26044874374793
8839.603142332558,29.956782638649592,6,661.3286040307686
673.5140603680608,26.817942227932882,1,221.64560972129783
8957.214340962624,27.575678559483716,4,581.8249676385386
0.0,85.01926203180307,1,603.6571809164321
3691.341481486455,46.12823134339141,6,330.8489672378532
9129.421502352461,49.907420179906644,5,725.0103325714617
9193.823343166989,9.472034073154108,5,401.01963779267527
5093.928049650174,31.920737327261563,3,193.99393028775506
6219.744895302653,49.30605259883024,3,374.3725480462226
11426.35247153533,24.50942174173987,4,522.6612203903576
6789.924671068309,63.16125687035971,5,693.0623863522972
13607.300781007463,20.946068281979397,5,679.0724061593987
7995.200367059135,39.272677282696485,0,570.1934149525974
9020.090442203167,33.27896720048883,4,716.552899505995
12042.185996246519,48.28641318763832,0,669.8787497869056
8327.567790483548,32.19019856289148,2,524.049234661993
5494.140048272997,39.582127458581255,5,481.6132085075127
7725.681370764275,40.27739816444029,1,491.7897944941459
7910.973159524773,30.31224485217398,5,500.5785351006701
4588.145869496087,54.70187736994225,3,383.7411522727494
7360.419821647942,49.767767496748505,1,705.8158952284109
6144.519765006408,43.227721094936655,2,450.6179529674415
10310.894392968585,36.390833330760834,3,793.2927888855886
8086.529685463139,60.93088061039994,5,686.4485251675288
7293.010627131075,40.28331512371637,4,615.6646010594759
7734.545173443559,38.86605424348126,6,538.3139028793375
8557.805046015415,47.09380059776252,6,622.4154988463495
9542.03549922445,78.93173365941702,5,808.5494752677193
5500.719428326546,18.192875839575922,4,338.71594651981957
5396.030918446821,60.39713786110709,2,603.6639594576392
10761.698038506325,7.1365767752378995,2,410.54670147846605
6969.157819488173,49.34546316457248,0,564.835538498171
4457.894768507815,76.50165655217461,2,588.5178207687912
9109.531773457762,54.77337048934614,6,876.9946194435744
9158.424515081717,48.412501570795854,2,649.6335284351143
4173.211856858234,33.79101062393849,0,493.293110153685
8573.704288659015,45.62094400977109,4,601.0240491403721
9838.957731070934,39.958743691932874,6,654.0537827172273
8935.966129265658,29.280467841372893,6,427.41232648724207
9579.953709403488,39.2024876905026,1,582.6472671697259
4489.327254773128,48.96762321252879,3,490.22160312923756
8827.600387490489,29.655658629387194,3,657.918273752732
7243.450601323883,28.874363586306316,1,480.7428277848949
6793.024603188388,17.795131248156512,1,489.1894005119145
10176.389023549316,52.81450052177792,1,775.2008928888738
11698.186276685576,55.90646523934121,6,933.5583496606451
12485.925136500897,49.63320888473035,5,792.5128813840136
11287.019678764762,64.30340985457332,5,1028.5190631301748
7725.664545924541,46.757352741614554,5,550.739002053539
8881.800407565857,52.840218747315134,6,610.9963820507115
9917.05717946061,51.07674851275126,0,606.3385502798092
8302.944873248654,43.16919961163584,6,777.6149663244069
8326.91046977886,34.383563437407055,0,604.9336052250286
10059.382829690456,89.28305231583822,3,911.3439684122229
7851.793384935169,35.96098040292983,4,629.7594335648653
6176.782659065846,31.682445777591273,2,492.18135583760403
6963.817335410354,53.68019646900214,1,757.9240699404742
9584.775944334357,50.037088305900106,1,559.786940989582
8007.483227999889,16.904169047793452,5,400.49553474161587
8850.524942170845,67.45356509127477,2,721.7406775190564
9675.198105505475,43.11610849298334,2,487.8099610654309
7062.896342755976,22.78137809568559,6,504.0302986667281
9890.620409074516,68.77568228707747,1,786.6471856211767
8947.106508645986,57.51351143192308,6,762.135825336303
4912.9672827213035,19.709160161041716,6,503.5554070214714
11605.76197796561,80.54365680515448,4,919.2329246033427
6748.13814060771,58.17594736732386,1,585.2889712156792
3862.2616420370405,44.79607768749908,1,432.76006538439583
5387.390726034244,76.80437611243559,1,755.301673954656
5447.387098304195,48.18595567659281,4,461.67417596691274
8130.433296643833,44.43833849791936,1,541.370435082699
7315.373736134407,31.79399767956022,3,567.9540771420469
7157.920080898518,56.63700878614157,0,656.430001859833
9549.254913706198,54.5320593464796,3,545.5842915867398
8849.68840298176,45.29360279779423,0,527.7178089485071
8790.119676610715,29.20027292264794,4,646.905293706493
9024.571143321731,47.59859708332148,0,678.7286908791032
9540.336670005596,43.604024284757244,1,582.2619380257873
2730.1166455563925,18.33051362531598,1,205.554974995353
7088.904369338847,15.563752973516287,5,377.9976264387852
2549.474838776315,56.30306757619539,0,498.65606783063805
8090.149816994489,0.0,3,214.9449210910764
7988.417569439137,49.1082105392252,4,546.91003491928
10613.830686974201,35.43833884492351,3,659.0197209375802
10969.085981802802,71.1649321375982,4,857.7662656580652
8506.937620630919,35.130635816922485,5,596.8100543377085
6749.097306507751,58.18968428503792,2,520.7414061817698
9212.902781364344,37.06172317524417,5,619.4567444077445
6680.205906689216,47.27496306972287,2,638.1847042361036
7996.518371391628,59.736730618401026,6,717.2266023380139
10465.34079240192,35.7488856735084,3,644.2358849180545
6605.571635026441,64.93109768996808,5,646.1387633355885
10014.196598106253,25.126042457870337,6,484.53602644975194
9693.503421730757,50.89185685116758,5,687.3313905810527
5613.020457172946,63.45279445575706,5,706.0140532518927
10434.735320543503,58.2007498358067,3,757.0716313085702
9746.415863428763,83.3288975347082,0,818.645700597527
8254.814718431644,29.73121365378679,3,469.2001035587556
6094.191354930869,17.41701497302824,1,364.3377678174786
5851.984953561075,25.11329783009761,6,354.8780653485609
6655.843557742444,58.20885133096874,1,654.3111129405615
9356.4861582299,54.95845868538757,1,745.8376993014439
5610.937081496505,47.04513319294831,1,577.8269368499219
9093.780621549675,22.5408590178574,4,612.881136750334
4895.611177804019,60.33734586658122,3,637.5172202614369
7489.828538902878,20.50590444698919,6,347.88944310621355
8274.11938643502,68.178991647538,2,667.7559696165271
14112.825362647292,102.1487684627973,1,1171.3439071658897
4556.710861199082,52.32902293143101,0,460.14854345739616
11680.036416225334,56.66216271315486,0,716.1082947710672
8374.6060349682,35.14280462208881,2,510.5057255974213
9027.929795039909,8.795733578263674,6,375.9305585816553
8295.86978347051,32.94561273939556,3,475.7606485942974
9111.817045488082,23.142095178025013,6,478.06209399527296
7615.787239094956,16.059908471699686,0,495.26700841946285
11635.125453643646,79.44719883991299,0,958.027254485163
6858.822139438194,50.45725036051546,5,774.8411138250581
10830.58643044812,52.593751612279675,0,762.4266217731747
6389.0821994674425,38.81955269607501,0,465.27534224016756
7849.370383996783,41.542578351131276,2,563.5609160790483
5320.093619274452,64.29101364478667,6,619.0691849151813
9137.5593008688,44.35325762609569,4,666.4422343650112
11612.814892316335,55.61387876049466,0,964.3327743243433
7806.609550447864,41.079914043099684,5,491.1182290783072
7507.785753240226,38.15694218535906,5,597.9767678959822
5213.457592330183,16.861716687962762,5,326.3286516301138
7426.7683661192295,5.445018752657438,6,204.05302775506436
4018.014350696181,39.76876197867196,1,460.98904846746007
5717.805033202932,46.129933839864655,6,606.9016892316175
8566.965115272838,19.277399265824183,2,389.7688879036642
11297.53299435349,44.31050269930734,5,717.0496265386261
15023.027153073757,46.07505125981004,4,739.3430527211942
6533.537287322748,1.879839878812417,5,171.91601399103752
11588.2503916136,26.697506810409976,4,707.557422736384
8609.38120100412,53.14527787470937,4,625.9335948078264
7621.88088313406,52.74117458791488,4,532.6180448578085
9081.48612931538,21.92650167200479,5,513.1752843613184
8154.791209199898,48.168961009994696,5,573.4124199134823
8275.989314030547,65.44814450720945,0,686.0627069824357
6979.167092933327,60.54145917981796,5,701.561520850233
4504.725850502873,43.094284259721306,3,345.8160708636951
4140.936993694796,35.64047373351415,2,307.0511051343302
9633.112208203067,32.413110313309915,3,592.1295495798917
7308.249774785717,54.356395658193144,6,696.021148200444
6509.777750859584,48.90207946285776,6,652.856410930718
8021.264066807884,57.588080122044005,5,613.1741057756494
9987.33063228907,47.63747626242304,3,760.3082402196729
8450.909857565995,61.37527900694884,5,643.5566848667003
6359.862658397582,46.891850659154,2,681.8423580433714
11065.732389122375,60.69377432263373,4,716.0902594671193
11947.96375745408,62.416455407332776,4,958.6955876054983
9236.391638307134,28.90946739550373,1,490.3935813598098
10434.158778360224,8.837119062585082,1,631.4487818934875
11104.899992034527,75.86985712029107,0,946.7208007113262
10825.248291011285,50.133174614245235,0,652.527656973265
9535.24794278156,10.71028209007757,3,403.8925318883272
9495.867617687207,30.723610055625777,3,626.6708614591422
9299.151433366256,60.437485847396566,1,818.8025258282746
5256.655813632391,39.40646337734214,2,441.04776547139153
9751.807892148965,34.758771613617455,4,602.1976078447406
4610.465072183615,73.01763720625934,1,683.1926687364258
6013.501362187362,24.05425707232379,2,395.40947108230284
11258.91266952022,29.036932844903323,2,521.0977151031586
10100.550406735494,49.22772950096535,3,634.3504713039974
11718.495724214657,52.80909864107765,2,804.4040162671854
7320.814040781769,54.92686068681463,5,719.632319071974
5119.3778968080815,63.224760891378935,2,713.4022751535606
7398.907007324143,48.971572413630334,3,652.1480684364637
8255.078243101436,54.78767877876818,2,681.9124632795757
8197.471790850024,39.81581481369834,1,626.6988713947892
10834.201196891754,46.253966064734286,4,657.5517762475274
7096.8239374913865,47.150683601072686,1,554.5185822854345
8880.08617950731,49.30196271638072,2,585.0847657714186
5528.432126413485,60.45079615165521,5,483.94265310985384
9125.793195109532,56.102913638896624,6,728.3331305686575
8007.771375464092,45.88434005800366,4,610.4579598933651
6125.466654288706,28.817480301179202,6,472.9357467393445
7410.426594562868,46.353425161254194,5,618.2265612214356
7539.560633711946,44.43964430208512,3,587.6318328668975
7324.61217665726,48.863631596263964,5,630.6956098980786
12428.353105669208,89.13050614280804,2,1028.5025133854183
7753.884994230301,34.52454442917529,3,550.3339779620559
7390.259724556656,53.44578038250719,3,558.1935190624005
2756.372605974646,66.36924134488596,6,538.0468263594321
5764.481620051307,46.96003828198766,5,565.812909316859
7342.316438859118,91.7569023834433,3,790.6595576092483
6285.368309558393,37.439214165370466,4,480.1965852939863
11454.268983444492,51.481784446400944,1,717.1732652458364
7587.655561509453,29.023885102140362,5,435.52899735193114
11221.110623295632,37.969505297134134,3,586.6671083064576
8154.26158512592,49.97867820793316,3,727.3045266659601
8093.069591053942,61.926081246154595,5,780.5340850966891
7778.008880718748,51.381896680471485,4,662.4064436497658
8009.490629053648,70.18229698669472,0,899.2490832378194
12296.987507624648,43.100693788146565,2,735.3440073083939
2200.973183121954,38.35662940321989,1,560.7196969530482
2996.135638903303,99.07970214558773,5,696.1212852006009
6642.072922359715,52.88475298884062,0,603.4069029679137
8036.319704843922,30.61036908042905,1,473.29276956111454
9725.26106191003,31.114724755038623,4,605.4848358114574
9182.717995068688,26.14640170937319,4,591.0363242898862
7039.385217798575,63.73138711713576,3,654.8504199705109
10547.609233104406,37.712454142135165,6,790.316681946397
10575.488507881828,47.547249513129714,6,727.4349801647284
8460.144578178913,43.72982651123463,0,622.4235730833803
10406.643931217102,59.62984815881869,6,701.3250306404989
8681.613158580321,28.065118142319598,4,549.1351611611611
6596.292433042791,23.48855427713969,4,394.06084531980053
9744.542097500012,49.485946143631885,0,638.038182414809
8276.532806446694,57.01918569399794,4,611.0584737699863
8003.3496168862175,51.650646261952815,5,843.7789326277003
11682.383930473936,28.810925418053447,4,619.0827297129554
1872.8196786497838,58.549696841827874,0,309.6521345344571
4455.789574601075,30.122781458087317,3,303.1105549539611
5032.323934064075,34.569227104272336,6,404.5828928300999
7091.848381077986,26.120929505559957,5,484.132874885798
7363.4795755849245,71.02316697304062,0,765.0619065996658
4231.685880567381,57.66843082054698,6,569.4071842880992
5537.104919222934,57.099867513577465,6,512.4945773193958
5847.895803691074,69.94422842284901,1,680.8164381648606
14143.560230189729,101.25298496477447,5,1103.1755618673897
12504.354869367866,10.81547792179689,2,515.495623664375
6970.626455788377,30.23246838245784,4,386.8031505662613
7091.041774233003,32.67649831650952,3,384.6295525005157
5126.990007029264,27.983607552346143,5,458.1180047038881
3229.673966936833,23.44833504792575,6,324.9659050433388
7707.79953397869,39.006938718892684,5,620.4868432707542
5505.370041889936,20.667925694211903,6,347.36740112281257
7787.873670844976,51.70084735074826,6,683.8646468475004
3999.4853773913064,46.03396642857229,0,295.28006129568246
6095.063854224356,54.620573295273104,1,640.5729953842413
8371.567738257078,55.15456903276505,5,679.9597101272758
8915.523994459843,57.06013706853353,4,749.1505502015282
9043.679896855036,37.53182126352235,0,617.3399873792247
4698.777539607407,87.42286805267335,0,633.5238975373854
10136.714325338904,49.68862232964195,3,583.7571249601242
5999.470758495374,7.750304947504101,4,229.51632673020254
9582.144786518265,24.95248508467565,1,578.1940844706176
7973.403308454517,10.189940219443688,1,435.2830868688744
4559.031252305131,45.34669258302615,0,345.0060233998131
7209.50573854703,42.56389551893333,3,465.2756532580241
8913.40935515942,35.63148604201084,0,512.4664355831748
9532.413451186498,85.21852224801029,4,864.0232667141763
7647.530256388954,55.97965748153822,3,532.8150886765752
11829.447226502632,59.52196722892669,3,716.5455511424549
10518.776927466397,26.378530241157936,4,513.2754348329993
7358.364709000618,25.017102173379755,3,451.3375082983037
9875.30453034236,45.736109981939094,5,574.9812939250497
12834.483712970467,48.46014279304452,5,794.8759244793445
12901.211501957567,7.87376865771086,6,647.975297315913
4930.000297943757,41.39385954300932,5,341.42079018272545
5683.667222107123,45.2814416574701,3,482.51967815626233
11712.296966834627,40.69701668457742,3,794.6545174809114
5354.297372905907,28.732191753066473,1,353.1035742055304
4693.647166770803,34.2092963615772,4,347.1080895716218
6784.514673252383,41.46281612854408,0,613.2371488458776
9050.566773686465,46.816000472200955,6,618.4225074629405
7744.008233472259,57.09583165101136,5,740.694921261404
6373.59094898602,66.61712409901742,0,688.9636138437212
6314.468845688728,39.11304552945501,5,459.82945477149224
6219.157338968228,35.87687607769284,0,502.4027924726886
5801.225928352644,53.753113470686124,5,580.2036790659055
13704.082193190154,57.216898328217084,0,973.1353033771065
8743.777677963888,36.315991334822286,3,523.7794120982877
10216.897636011847,60.80786953932345,4,776.819608018944
6777.306329702691,64.59170682311947,5,653.7212397584534
7535.108307034878,70.83372931317346,2,782.7385594916186
6216.115046574113,80.56641813439644,6,650.028775113809
1370.7291627019954,27.671677226811223,5,302.2173937279756
4554.9768078803345,45.27796418665022,1,491.1731592087481
3473.4533000490133,45.2255539323732,4,304.93744970556406
2375.5405551209815,43.03852862934985,5,449.91382001937836
5011.602564254743,32.014741607797276,2,571.2799986807919
11312.389198454077,15.288759935378572,5,624.3748451143872
7888.909580739114,46.85358892058007,6,710.8366981311625
11226.409405802935,29.63288680904175,5,633.683407614575
9027.456442252189,46.7198696149525,5,508.49708180072173
9956.397064287898,29.119129166022933,4,425.44102147425156
5747.757511738562,23.00683308311317,1,388.3578624776422
9309.877385481677,49.685967207537956,5,623.1525940460964
9821.785585185864,48.01843053612992,2,607.815904358026
6558.381769415768,56.58563942641866,3,596.8293726176487
9398.850926540415,88.7172753283525,2,957.5045120606346
9415.469396437082,50.545790624216934,2,563.6729158618131
6626.118447174793,54.70163534128259,1,557.3443403122565
5193.078919322513,23.448773422653492,6,469.2054519584467
5039.67917025432,19.26185118927251,1,231.13520352809792
8216.263854803654,76.65658893546667,0,858.1709827781426
8817.524671973288,26.530404401333925,6,473.10495236301557
6018.685423855214,24.121118570627157,3,429.1376291659677
8066.463353315246,44.21802157566894,3,675.7528641628529
9426.342590346214,43.196151732452236,5,695.5331553673637
9545.476786663252,26.949869871134165,2,616.2510588704451
11879.700300306222,38.900535625738,0,616.4637430940404
11192.452080495108,69.58751435300209,5,954.3159458771208
5496.771418108639,28.88012782336405,1,324.9361744937443
12208.965523845056,17.126550312676567,3,611.8812640755847
6672.558738610713,63.85187241799584,6,670.6732790121816
10612.182031136068,54.84593823876074,6,792.3727153875736
8169.966565127722,32.58962758702677,2,549.2929622120847
6969.626553857581,13.356659677461643,5,291.4202219370953
3480.757850562668,30.107532871228738,4,211.88611826622184
7571.0887244591295,43.90591126301457,3,636.0669109533942
4101.541911735978,68.31344179767638,0,588.8090934570106
10418.24808960693,24.26836050260686,2,654.2902338765438
11791.98164284812,43.30960236977053,4,727.9582451975186
6007.722526758274,58.50289319789796,6,478.91311140356197
8754.926856298178,0.0,0,427.48744873225564
6186.521194980061,65.675723358778,5,611.885539178982
6428.788174658026,21.350988555871254,5,412.6177349152303
9936.236759663429,51.63990986913869,6,655.4921753230078
7903.654345391468,49.933662992214884,2,747.2922885876433
12349.120104827529,66.6917278292769,0,823.9899852341068
6794.418803242697,56.018487617870804,1,580.8932975084388
10498.340831186222,0.0,5,428.5295294632342
8243.533532394455,29.304415056880174,6,418.19324547010257
9989.445024360582,47.7641025870656,4,712.6039787838246
6882.1058566751335,41.10040227760426,0,650.8394861300301
7876.102906121043,54.55221459513541,0,603.1204309601574
7711.252801752663,60.78733111339411,3,704.7855242730092
5909.857212885532,57.16903472859358,4,359.4536660038983
9655.203836454382,40.7145011489107,0,627.3808243128523
9625.622513945911,8.07325977759039,4,408.4210763492824
9483.886737263916,35.890375022903655,3,529.2179114351478
11842.414134794111,53.327362962779105,0,880.1767807387217
11623.362003090759,23.19105494899045,0,577.9813152876668
7062.638275377161,57.62549460243152,3,614.0602996621886
8932.630796085446,63.16786594534609,5,706.1369975323687
6440.998276854469,47.53733952591685,5,389.51869848847366
8058.388290286389,0.0,3,231.77661640529868
6500.626377202838,19.438232745763933,2,453.5419304523144
12050.175772840128,82.72378317112164,6,809.5536781899373
8909.245375857407,34.06924413943244,3,499.48005190163445
7454.927179738945,5.317135537420081,2,298.1222959108972
10984.046429640943,69.70494776620545,3,997.0812931661957
2573.4614755114712,45.26711183087346,0,436.02943124540917
2964.7435128367756,67.09880977915451,2,476.6089570241501
9989.596638049436,50.53917350438731,3,807.1800023175455
8151.17112029342,54.17118272424338,6,591.8326755171076
8626.115750651901,52.26018495429033,5,739.3337240505384
4684.009741703629,58.94976623842,5,432.3488074248238
7941.915722874084,90.54860897112196,3,946.8289092848279
13008.773526003355,64.42012671918376,0,874.3810097175578
10060.499049489657,13.3932136430893,2,400.4989045628206
8424.26636285703,53.93323030557807,6,643.1985473016446
6902.365224737656,67.82961536206436,0,705.2598355395096
7013.567870326516,69.05401613072291,6,655.2869371553411
2677.005276999956,36.46790033881801,4,370.2038935925322
8644.101052302902,68.29888890376256,1,708.917864821566
10113.707771204636,63.554847991024104,5,835.5071903088386
4060.951682073462,96.4503487393946,5,776.517924682234
6346.45776923296,29.99996527502977,0,428.9842580428623
5106.338419416445,34.8519884719915,0,378.0548826193308
5586.622012978091,38.87761903080092,4,468.8538583651505
8133.70406705475,35.19555699922449,6,580.5418041202329
2788.9946125288143,27.19958500472794,0,439.7012267480489
9535.67609589266,0.0,4,456.5806775795609
9884.637674834206,36.30601052553732,0,691.3007661318595
7372.243529907719,52.38716119399809,4,856.2936839491199
1798.228725038646,35.135563089881785,4,324.01920568226404
5508.953434994026,83.7076236705822,0,761.3753603281904
11082.254835256741,45.26751625431725,4,771.2164968819054
1055.0142981785689,70.82058110368271,6,386.40678034217876
7131.191469516202,50.228408254599366,6,551.1059773947437
5049.998053831852,61.52814619786516,0,530.6752580050784
10011.425753962092,50.58483107867124,1,755.7751348080761
6312.215119641347,72.37569263807126,1,672.8087956363854
9009.885051839028,46.11878700264801,3,648.1659981273933
9413.651047922733,54.92241416177571,1,793.0768964994407
12590.56459932505,52.32665867300087,5,886.6345951073383
7492.6451408115745,39.23429083745362,5,522.1738704138851
8940.11092405653,53.09964637849354,5,622.6027074829647
4287.36130218141,89.68772492395364,1,800.4427801632334
10976.03390823436,39.59206115809116,0,738.5050177507106
6098.727879821588,53.38929785706497,6,435.78435687162266
6598.114589780636,70.15557901738886,2,659.8057425828963
7944.380512876973,67.8050656188856,4,737.8468511897336
4092.7891366503763,45.23432835438731,6,497.4239129620214
8571.925072322345,0.0,0,415.68512248807554
10418.665682312527,55.33405637296932,0,771.4634456243549
8732.334558743229,0.610514827538946,0,399.7762738236713
4027.7560895531874,74.39874461882462,1,612.6336554853275
7690.476764175851,48.38947742386521,0,544.0478000557804
9855.072257448726,64.99348039743978,5,763.2626213992874
3305.0280850852305,26.957777236378977,4,295.4670817528917
5313.084965455715,13.949850533998912,6,293.44816182073487
10191.3590102038,50.215087682823345,5,558.0990541496144
8675.238585493216,44.32793120087716,6,581.178463830637
9029.928955316884,35.16918347685669,1,576.7087113209476
12648.737019058279,46.693225614655276,2,763.5992350978067
9171.381946265506,100.3487178406452,5,949.2016812535646
9644.720026082949,61.690510947381156,1,794.971176391972
14776.863818045815,65.98997211726638,0,900.6978104615401
7465.488604773774,61.87873783106711,4,539.6485940612567
6005.293090953763,74.58924287704386,5,659.8935976334797
9069.490995617833,41.1985665419851,6,671.1001915167672
9097.477573472237,3.904773846494125,6,522.3319891767853
6683.2115201344795,41.2282773398798,0,577.2683839722372
5419.007451112881,61.23471419993004,5,466.70748245458776
13774.611055225196,25.603992097698526,5,686.0190156450574
8817.108675970057,41.47268099021339,4,622.051183466605
6169.286546494811,31.16460513995374,5,447.9663820534023
10289.825755698996,75.04058503686261,5,904.9809046845655
7727.137121096664,59.989140308131276,3,595.6564109757933
7367.796384205421,58.03081241287918,0,648.0921768495513
9405.682179786234,57.43202626241943,3,754.4452711480562
4770.294329420775,44.25501494895746,1,522.3955391348685
8881.56800979293,48.95112565055007,0,584.5120209659942
12782.38701932938,21.296308389353648,0,611.4607817298653
9165.444155493276,1.2711604249886488,4,157.9393143637957
7059.469740541339,48.00162260690048,3,520.6715678568345
6732.236798929395,51.47980512544289,3,536.2151112721497
6974.150066637227,69.18529136850755,5,612.510990223139
7365.093304880547,76.42671632164735,3,766.413002143718
7055.48366810432,76.39996969997894,4,736.1435303604248
10290.778602686416,25.039528134122445,0,381.1312027059824
3666.9772419775422,37.95469930100462,5,391.64792302926986
10155.000126030334,54.606685917627594,3,659.5741900838567
7050.7836871435975,95.63809355484355,1,894.7150255500464
8942.36946423843,74.60198407427832,5,702.7585831969138
5182.53022449784,67.3879432399676,5,614.0293915021944
11321.57766712359,37.244240889014186,0,653.6754857081083
11114.087400429682,27.33600737689751,1,632.8276910745986
10398.976314375184,60.778157667664786,0,790.6037807931039
4213.113060516152,22.986774715312798,1,286.0320367108065
10072.802677665131,40.231272980393946,0,521.3979598654294
9012.137719089273,42.70444101996155,4,498.5355178064577
3986.821882168581,76.85824178245616,3,573.9113708541028
7939.256540572961,37.90605394080645,6,544.3441945533901
8911.336222583157,0.0,5,307.7936131273969
9390.188184557877,55.08889295324936,4,756.1578395481685
8443.15341737214,31.01956293792147,3,501.50584078547973
8728.07854211845,45.85262048875494,0,547.0378466349068
11684.028480632738,43.26590598315753,0,704.708871685222
11065.0847747767,39.525920083644635,4,697.8276983982599
832.3626155431414,60.806811635694075,0,424.12615194185685
7206.403612905795,14.342702432945856,0,524.5826896733573
7588.372431140122,34.659715500912796,1,457.9804430508081
3619.753568182572,58.680758262347624,6,490.9963993741565
8235.45764558078,32.71830449311263,3,559.8180485274611
11121.894431026267,12.823865814600563,4,519.9451353925889
5283.580351023525,58.37110686513471,2,521.520403552657
8841.002346724681,67.46189260883078,1,634.4708754144324
5710.441306758906,44.100095847139876,2,452.1514626289542
6320.219940800808,5.783088030609349,0,201.61113279826435
11693.484085425087,59.119394933976324,5,684.3271985309591
6643.605449720438,11.80224237160624,1,272.90336488480807
9155.531222526562,51.17598553696332,2,589.509824461526
3321.9547098475323,27.250723505156806,6,343.08545304827794
12655.7939034872,21.803214284660694,4,685.1383888405957
9506.631115766248,36.161799658406196,3,524.925699414617
7543.750393374346,41.334048871454804,3,528.936018518653
9438.866274999737,32.11583499227103,5,421.5902479846128
4475.451427630474,56.774065564303015,1,480.1152544764216
10956.326854381643,36.07861243082333,4,686.6433008163933
7190.038061258924,64.60381743343643,6,741.2194582201038
7489.826212378914,50.62346331286959,4,546.290061837069
6770.860962586289,31.04885586807384,3,541.2759625540962
6548.371493136038,27.68120232335428,1,306.7667199444894
9736.676529071021,12.050074019051227,1,361.9572813456448
8639.767125260558,50.814663557336445,6,707.2516156054711
9629.3703535076,37.908249054972835,3,746.3140067552008
7978.013276286071,0.0,2,358.5950901061385
9282.999527692953,34.285702544612,2,573.8068054526691
6952.878140187404,26.97931941490096,4,264.37634237512526
13574.32960352387,76.51355184341321,3,840.2587307179557
4080.1739589237536,10.944427762133806,4,239.2262878814225
11152.34330890746,16.172984005318924,1,514.486622822518
11419.768626802426,67.199392862114,4,771.5202876726115
5869.602985086016,72.13526314927927,3,672.8383047655203
13573.184026389934,30.10034122548717,6,732.7399178091451
10488.725707363295,32.358283543821784,1,689.2519990406843
10427.847517057278,57.32470793106626,1,771.9903309097048
8070.055467564692,0.0,3,421.07376816933845
7456.934604453309,7.776126309888878,3,345.5736644013707
7476.47793240098,39.38533198298576,4,526.1443096093669
8976.326490798792,75.99781132258252,2,900.1849024672215
11502.96568758474,36.28539823666521,6,599.5557465200661
8453.285544653549,47.018735834703094,3,845.3996330556535
5721.390942156774,67.67578545128023,0,664.9309486472913
10061.06765596245,87.13769466556292,0,955.7352144588893
10302.87686598698,33.463030537033745,6,654.9009357794894
9636.648821119465,44.66326552533148,0,803.6164640232988
9863.747266312457,81.44110442685685,6,946.597110147448
7322.67967460548,14.556014496171432,1,251.83879564093394
5677.527082173551,65.55162141107644,0,732.6884425348011
5829.51642339805,24.633689352774834,2,353.7110666969696
3911.341878855355,47.04944734206313,4,447.32276503373885
8592.371528864875,40.14761905199452,2,482.2402576925408
7791.378041933516,25.839767985975413,5,508.78989104310483
6900.030738675728,25.3379614468345,4,375.91905502263194
610.9529391373254,50.52828728507509,2,335.6214123154214
4881.706325764578,64.91078656325364,4,562.0050519812423
10802.101628507917,42.405275936229934,6,840.5167448965644
6338.434999842172,46.40226317466433,2,690.5318030533201
8901.479194142103,56.423481325820944,1,698.3211093377892
4523.2864250618595,25.5676245397408,2,339.4554211504275
11596.763705898078,59.79385016825846,5,792.7582119375127
7639.930849863309,61.38686194119494,1,762.3989089619249
8725.100991208838,97.0725259750082,6,905.1256058717327
13814.449479704212,37.47791618880836,4,743.7384943493626
11791.10025147351,35.838363966637445,4,764.9616229519622
7233.585946782356,60.37931743147491,2,608.5554148348117
6516.949537824102,61.38208337824277,6,625.9500790265382
7186.13747120117,34.29825693246576,0,366.73017792196197
9274.74562119134,36.936746461399025,2,648.9455312259012
7736.939664372822,55.82261676436081,2,799.6826422956273
7011.889637491321,28.44831518530677,3,508.8635064354768
11667.953126772605,36.789320239699705,3,804.3979799128869
7714.475270555407,46.791855347368696,1,521.6419720122419
13748.972732593298,64.91877369644516,1,958.377494044659
8226.856409380433,32.90802767640918,0,451.06962848412127
12463.29598556182,8.15231075938656,4,529.2244603322847
8893.298556776566,6.668050649635782,2,457.5171643570778
10407.40143312362,19.811738665877332,3,543.3121383684727
6188.472371205689,18.736645636001256,4,246.94748685613737
5865.60194353147,41.907784827601816,4,380.86845826384945
9149.264887537469,21.2223969280479,3,382.8118625505242
10471.383106163288,30.94490080357592,4,643.8409362631543
8100.641255001157,29.518282300359004,4,666.2469068547338
4784.016662290757,36.189842783040135,4,517.4963827098882
4599.354084276682,71.45008663046245,4,460.9958672221569
4432.158994534397,58.238951788610336,2,640.4061455586206
3580.9447176515478,45.32258830552008,1,490.08535190035417
8273.71339861772,35.779474388383235,5,422.0013866327076
10812.609804270063,36.33534686753958,2,626.2603440392003
7966.460532687978,51.55492939903899,3,715.6297906214179
2348.9631066553693,56.683381467045805,1,478.0934939432724
7523.098849163628,26.84764987798799,3,357.28224904343426
7593.002508418483,45.72961511228463,3,626.9571634741426
13239.996875563598,4.367608626739461,4,384.80547909653376
4357.155217701109,49.23427568341194,3,451.8660887479391
7023.305993502011,60.24298483917372,2,733.4266903271266
12264.63170136141,39.39862746238249,6,728.4485700744569
9124.945853366371,81.3305399228021,3,813.0660696745118
