steps,minutes_active,calories
1.4260797379461232,0.6474502573119237,730.4199436877043
0.11107152813351386,0.1973803838510064,630.2973834844471
0.590597191419246,0.41338318763552706,684.8049544385751
-0.03428211042202086,0.8623872400102599,669.6110107986825
-0.14564652351749452,-0.7294523929362332,466.67511017606785
-0.7426069234236021,0.9631365279527359,625.9871921971996
0.4431143970794885,-1.294653426106609,536.1064733465867
-0.8132285558131257,0.41180291248893325,654.4693367231873
0.6737185099558424,0.26172867212235684,677.8274196653697
1.0850724667186225,-0.5356817132341465,689.7988156352687
0.38061282106886174,0.05970037628546861,567.7895519833028
-0.259183611064757,-0.5419474500033497,547.946744542663
0.4663079392903376,-0.9924511540106482,445.83307680130105
-0.2811619163257775,-0.272218228644489,603.9517203387719
0.9383108936664141,-1.0248349683556313,727.9273464933747
-1.7736079911265041,0.40621575366048884,435.8283762319661
-0.3075605090659838,-1.07106960931936,243.02552462525904
-1.929843340039884,0.796558559049107,432.51020858694056
-1.4439525987226305,-1.1025570175835089,397.26643956896544
1.3581068685537794,-0.4855340975253611,702.6769760736897
0.8987515477448077,-0.5440168725643793,624.4791771053495
-0.6837981948936835,1.411561011520776,757.7630526128887
-1.4512471917161027,0.413730629995277,518.140723009775
-2.8841930865294794,-0.1299132115353921,365.5570749065985
-0.5113137819126796,0.5826635563585275,669.0506762668622
2.393644959128495,-2.0310372273103514,700.9144557641343
0.4476061560760442,0.039190942547754945,657.0160831019563
-0.5270707950884689,2.0859381473872927,846.165224851139
0.4772015009915852,0.21519554354351833,627.8194358714885
-1.5085394286799736,0.15056961692126192,393.93688007615555
-0.27003796733180296,0.6322201768251164,762.5844805208178
0.11887055345849094,0.9807356388333414,724.7167506051104
-0.0630164475896743,-1.9209836060501664,406.08437694010235
0.7964487688685588,-1.6049014499383079,477.10063550699607
0.35916195324592964,0.2933733029431291,602.7782254803458
0.6764047779714276,-0.6345598501026523,571.9260457896906
-0.6533089767762625,1.3984003251799972,793.4853246647309
0.9013296553577772,-0.23366297981206743,686.3798199971818
1.6179092860993156,-1.8578595351103606,383.8321536983884
-0.9294817030776759,-1.1893505166693652,323.60382148748675
-0.8486678353360035,-2.1742717279407686,373.81393784492104
1.3305874405618965,-0.15237187452402604,678.3796202100774
-0.1661665067756763,-0.10649374474858163,404.2212107200336
1.3972712484769154,-0.3432779593487463,830.8905248666315
-0.41236206255253294,1.1645572346447313,729.8033142793737
1.447476590589444,1.2845556350289946,873.7259093040503
0.1502422556219331,-0.0884442521997129,552.9885519912464
0.27446436089174336,-2.0586207481112346,446.2477966183856
1.5549676658916745,0.7015800746004881,777.1869198079662
-0.33320323768769117,0.6394736414794362,712.326693637891
-0.9010316308808446,0.3927697898933813,576.3904016842781
-0.4182706527163943,1.0668668212518206,682.4957031531264
0.4647087634981299,-1.0858562768416606,507.0952079158367
-1.5132446622111178,2.097212955415703,660.477296187031
0.6461633665853508,-0.8798419978130828,622.2669695048291
-0.5066835551038245,0.8339157901936856,556.8021929341816
1.1463544961643435,-1.6099376708205198,372.54553259733746
-2.3252671175337687,-0.850591764377448,288.0974168689447
-0.749549414364995,1.6033544861753781,743.8067263419954
-1.6315528540179507,-0.17922618781071267,428.4644983174291
-0.7884242001733293,0.9248865668502667,640.7860355489836
0.2641115337713374,0.3201170987959661,617.5580064902
-0.1542901582056913,-0.022818415659435837,622.4809750858458
-0.22696624947265578,1.4503802915123454,724.6796319567579
-0.13464703191218266,-0.15491273381598591,506.71336903855166
0.22071454995734513,-1.703607225225334,371.6989461739459
-0.967104722635857,-0.7231874962027742,554.4087606735511
0.7141621711185886,0.6352926821467105,588.0298849704739
0.6708573078321387,0.4791447289339555,743.7107381457132
0.39875125910219983,-1.4892886849590234,306.12796952746015
0.5668357418095923,-0.644054101087666,550.0735748803042
0.31189396080567267,-0.5010066403123205,515.1450393642614
2.0159676440659515,-0.2841085149577023,582.8487152450095
-0.06399020585807531,-1.2975726974376383,447.3039594972639
-0.27960370076093166,-0.5477958340151599,453.4841002168292
-0.7171683448406422,-0.6483348237659787,259.27747632821934
-0.990359431837978,0.8562928076961025,646.5231713755868
-1.198347738241992,0.8939932085267844,677.4478727978365
-0.8497475810334497,-0.06379282410222827,602.8329610899759
-0.04790288450752523,-0.3107581342818761,564.6037015824227
0.34901771755092315,0.2227959990227199,643.9050813806342
0.07149652384733857,-0.7365623696838558,603.377722632211
-0.7289372104432164,-1.0678064729797323,510.4173092241437
0.9036516887827398,-0.8605780457895347,657.8774075609604
0.7460775282326736,-0.5542571449865094,512.4406793751359
-0.1351012502739813,-1.084497932219161,450.5259015399195
-0.6185580569881067,0.24499740766220615,579.3168241643881
0.5588914376222237,0.8143502301580027,587.6393154236466
0.20560649218826546,-1.5093886346556844,455.89441542248335
-1.397952530282383,0.107657277455589,630.0420654827703
-0.04525646397397901,-0.13813971977731218,608.0045722336627
0.27819562915236007,0.4249829024059418,775.0576699871949
-0.8604283050219672,0.06947601553685549,513.1110475890905
0.20743910736420748,-1.3754905890612843,428.6949597732428
-1.4045145889891808,-1.183709086861394,323.53274681783927
1.3309812132283725,0.11196497905040888,661.8833072326591
1.2445001026610054,1.1143093735250906,761.1466938966531
-0.2261231247782797,-2.1383520560674403,400.3501466180924
0.3775969541646128,0.42921340383517553,777.6200107894184
-2.340617270117383,1.2756312084387118,412.4739388075416
-1.1119763878730744,-0.0710298088965305,533.4420331930303
-0.2665640232688561,0.6343004926834862,619.6896094594782
-1.029436766804288,-0.6227170768823636,425.60309410881223
0.7215589071894735,-0.03726952416245497,683.9331955046458
1.9789422469652715,-1.5433049248766482,674.7680683277667
-1.1318403379730235,-2.1742717279407686,208.95598420612492
-0.7994346963935887,1.028037158293357,732.1985153626686
0.2521370060462917,-0.9054855919439944,520.098472684854
1.6004429402578304,-0.3744359473645919,746.3830152471131
-1.176689778969324,-1.3081328319816852,234.7284910306068
0.26545450145514066,-1.3317306046651276,618.3999687170158
1.8064451370664352,-0.09190383872702886,788.8553549263542
-1.5975342083366895,-0.6493044221070814,394.3146159134036
-1.2342172397707178,0.4615541996654386,378.5947341778573
-0.39380945446653126,0.5363445005236619,536.127787785139
-0.4888623058565132,0.4042621139206464,675.4738113069102
0.8178104320286689,0.32176741906496964,722.843513150186
0.2582248146162329,1.664937565892728,650.395777787596
-1.718286630563667,-0.9883313188217979,367.4557360691064
0.526530633656565,0.027354392310048967,591.4462319975131
-0.5446800431260798,1.218528855010378,781.0742485969226
1.2704703081865667,1.350772939647325,862.1626445263922
-0.5937332313502316,-1.3435598026914608,373.0061433166017
-0.6025814173561042,-0.2308356058276589,583.172184978404
0.5517402502159442,1.4446339379462765,735.2882549161513
0.7691236517691831,0.5920511962543367,647.8343962308663
0.46055840214772625,0.2783001243016967,642.5216265393445
-1.6306993409360688,-0.1358818894671039,461.49192901905815
0.5487046816492516,-0.30249463837330237,491.2771526988165
-0.9923641305813319,0.37153399881303456,387.7127144122712
0.2519681754875073,-0.17067500672856684,649.1403903241917
-1.3740448762349802,0.03974756992936643,394.2788569294004
0.4588165343481338,0.16128709262908594,612.6859784544882
-0.7691840873394407,-0.5976448075140052,279.4266939948296
-1.2357515467277418,0.6161733504970079,471.2737146915618
0.7209940244881063,3.0054086989672095,1010.4859877275984
0.25820991876117527,-1.6998445439574421,475.3562840583774
-0.5803932119842868,0.40743444553684893,505.78540946473674
1.4436867720215059,-0.6800088176501139,776.4851638864375
-0.4105162306197382,0.6615818744363502,560.4585852109517
0.0528407305994993,0.12915008952009038,544.1503200696228
0.2849364695151656,0.8465853932616301,831.3025218047799
-0.5859691886398033,1.2614735890498379,686.0110079573054
0.48313713020201826,0.27544971619188563,616.0421851512486
-0.5014703782532972,1.2178894173398689,660.0903893987814
-0.3820792177758538,-2.1742717279407686,387.0820539817438
1.3569115360234738,1.6776595712654159,1034.4147653003115
-0.9985172628323026,0.4586366591058727,465.60539863421707
-2.3434187827513946,1.1635184557326712,474.6684647901441
1.6002673501087303,-1.1410684610574455,611.9211563336127
2.519993838550198,-0.7507995716046546,666.3412006267323
-0.3758368406861422,0.22882795674765546,562.5308645404402
-1.8769429201868295,0.06536464214769207,394.6974780536219
-0.2829368180086623,0.36636812911105004,684.1365912565433
-0.2591583401843371,1.1702102027509642,788.1135265924252
-0.16477460760811583,-1.688043050730652,332.8444261927118
-1.0698712305246947,1.0591832461163688,578.4032329050273
0.589405423703623,0.09076012159381232,702.0933276070498
0.535446668492195,-0.12193750199170578,571.1818382795019
-1.4433104203610754,-1.3930588981978391,311.1168220308747
0.706661477242825,0.5870057236013821,713.2529943851754
2.03322902936459,-2.1742717279407686,447.7166119754995
0.18991173861506447,0.7327854995062169,608.4563775619797
-0.30924413632665076,-1.4141122395879362,492.9794792188786
-0.11780711577162438,0.13607115402396586,569.7009097418809
0.6243910670552664,-0.037071572304318616,768.4537437293706
-1.6748771075676505,1.2554873203719457,516.1865162673514
0.18249266806085968,-0.09673570692213039,608.2968661065829
-0.36132600043098123,-0.613759864063941,659.0711155576985
1.8324436974341471,-0.4256634595906417,629.3992382059979
-0.14933678778176349,1.3591408359293202,573.5034988780817
1.6560852261691306,0.6203534026187612,924.071607916638
-1.060415770754215,-0.3043291611838624,367.2056040075741
0.5969503353678649,-0.1546996942571068,618.6958371560389
0.33441910968772,-1.489407880519415,387.0053186727424
-0.83039034179466,0.47208879629306416,571.1652017921319
0.1952394038426165,-1.6826222889068156,320.5188299653788
1.2097736751765094,0.8364970210611322,787.0722525527503
-0.29597985718853786,0.21145949597173055,609.0406467948146
-1.6369380671332447,2.4765397869897554,626.5732401299533
0.004158169683102776,-1.0209703699582238,400.2207285336676
-0.8631023476437679,-0.02051548782787263,459.64761290799026
-0.3141601498043328,1.8861161883051236,657.2551955062769
-0.058593326068699825,1.2774041268525904,691.0031012425578
-1.6503553503470527,-0.6158395521013537,345.39305540109245
-1.5621514396807568,0.30709031781082624,423.34634214567166
0.4938502653239711,0.08445878967940854,616.736486887825
-0.4909502181239541,0.36525208260535,569.9707007978039
-2.492360250031215,-0.6183153144361658,197.2244365051786
0.7906052688520399,-0.007133921565847901,713.0509606060755
0.2883240316204716,-1.5203754505472287,540.3489404783604
-0.6783042764767431,0.21798078921893108,497.6769004448855
-1.2692669624488975,0.5338192294969563,551.1353182230123
0.8405554642856518,-0.14564570547162853,627.1210876793959
0.3637737598741987,-1.5374247739278983,460.3679429889488
2.356584319638966,1.0739400133594048,1072.146414306843
0.4332027782793343,0.4480680500764217,716.4546278730778
0.4013634521690754,-0.6457316786687785,399.77533929730976
-0.14223608225044898,-0.19898569624507867,575.9548038843326
0.82190197965556,-1.4227014031527865,590.2263578509792
0.6340240151071246,-0.946021591866214,511.7316111916186
1.2482000414601149,-0.4569653917335835,730.2859237830894
-0.48958220241778644,1.3145459839476794,630.068962317734
-0.4053756033123234,-0.5589613908556735,350.8757130373248
-0.4482021997611183,0.7245806967600477,630.2088435348643
0.7964444558830371,-0.45747175723957245,463.96409011480426
1.4899436493737044,0.3311421262144581,750.4094703004108
-0.42834254391697996,-0.05936467198107208,630.095871439454
-0.3949533619134329,0.9581195983666877,499.50838677211766
0.32920194430995836,-0.4539564166570939,454.8706181276412
-0.21950166311797528,-1.4947750343977606,294.1578803854907
0.954489108739542,-1.3036261799642779,514.3058927734763
-2.1856180711241024,-0.4510138032052657,271.73962881326764
-0.7888903214934339,-1.1703399177043197,469.3732093626312
-0.7454825050450549,0.4938915848234147,637.3316748127374
-2.2528327713960468,-0.3847068752403014,341.694054663904
-0.9231001322012912,2.464157637846986,790.2393667138022
-0.8755821106315953,-1.6604551167596913,321.41701915773774
-0.17573303623734748,0.28669528966068464,525.366927568223
1.1122008246120805,-1.0488709853554519,634.5190546298752
-0.21881475408400333,-0.4124226455305423,417.3222336862722
-0.9889393009568077,0.22429562931821093,570.7191242859284
-0.03445004917778029,-2.1742717279407686,409.1959460481536
1.0496773740147802,0.3199874404746689,740.2056643257453
-0.9351754534206842,1.9910486551092232,706.6559691444515
-0.8710919987901149,-0.37234015513505453,476.5547084683979
0.5688111699816726,0.34303787225104976,448.1103691360296
-0.19575811845081167,1.1104386117877822,715.0176490808047
0.6559779817543954,-0.08199009507013234,626.0057292405232
0.007996314965383052,-0.5002432045542382,514.869849152133
0.7090793270042629,-2.1742717279407686,446.6889658407829
-0.9931188765113221,0.7253600794364163,557.4295611981545
0.009527385199187855,-0.031053209600050393,483.9947772216129
-0.18512774457156184,-0.9332572770029363,436.0967227310747
-1.1703353442521387,0.20942856144355107,489.00695154937614
-1.5110089091531482,-0.502971503333552,372.8052753228704
0.6934812536845132,-0.4475521243539634,608.1173171764086
-0.3226003129115285,0.6905568001550461,710.8092241047314
-0.9805755912723767,-1.2599293405521736,240.28331823367387
-0.07289427696517324,1.1328991385403933,720.1159771297058
1.1269543888506897,-1.319410349552539,638.273922050181
-2.2140026043621908,-0.5822287465294292,143.63312670520045
-1.4454990749833265,2.0111472820937237,685.461408760061
-0.8831586815419641,1.2131778497959098,586.1636470497205
1.453487890722041,0.18034918526301255,718.1735350136373
0.29833803999037084,-0.8608879759767872,433.01047217463
0.7734270783085845,-0.44840082913277773,589.6549899861
-1.0961115988246688,0.1559477896358099,632.0773949918129
-1.0758967843000569,0.12008884544575502,381.39477145952213
0.4602784364186526,-0.0086890829713912,530.3080599188493
0.0784869362981338,0.05152878566497134,487.97276579036213
0.5591961519367211,-0.13256241348712966,757.3423316520469
-0.1625665663977973,-1.3638353112975208,361.2082761886504
0.2939831592954753,-0.43560112064492074,553.7819587583488
0.17634579162338124,0.9998112961830854,683.3441596804333
0.7836693748903817,-1.289970752104584,428.0227929301112
0.8123286703481349,-0.10766863025733132,629.1421150805788
-1.5662812857227206,-0.7397506924044668,526.3018175672465
-2.181199013980425,0.19413670986960482,490.00086967162827
1.0031924911776318,-0.30734133720444495,575.3035326137508
1.185473075811097,1.5642630093269736,937.8656773680888
-0.9789512918579516,0.5905507738910523,482.2058547381866
-1.8014718580832099,-1.2332706504062452,104.4906683444741
0.11843670573849874,0.755687750050566,762.0117169075343
0.9336956539179269,-0.6945138111001702,682.9330276150894
1.7832122845711764,-0.4962675396649973,784.2040677619593
0.5274001571818651,0.3972104733639214,641.698819685434
-0.34295162787651656,-0.41076378135681113,480.4765812536554
-0.8539947004706631,0.9779779938838741,667.8108800929182
0.03259520094773261,-0.6943715925310834,529.5236047733065
-0.27194069550592476,-0.5383431087620555,454.30894559674726
-0.9735066685348279,-0.5758793099958729,280.20295659189213
2.0293778521454593,-0.4848759690344568,736.1089308150849
1.7710333180613635,1.1849304646895547,986.7405980118398
1.1348245029002564,0.713129204864349,683.2533604660467
-0.8811631340971589,1.7975083844794506,754.208985234614
0.8593847795659043,2.3568755843483986,974.142572508334
0.6482760006926545,-0.9513443582042957,590.2884581764961
0.4551151255472573,0.1530830653159626,712.4628976772005
1.2461812679188116,-1.0972624882625899,518.2652693531376
0.6441053707335656,-0.6974767122209514,430.86765094314
0.7466671272094443,-0.5495123514830371,545.7099603451229
0.6456099775074867,-0.977861222359014,597.9622288427886
0.3553847869351173,-0.972577876410786,454.4923557703233
-1.7267636718024724,-0.062262183125796886,338.80129569753973
0.10332953941604288,-1.1379016974445066,306.6478701807158
-0.5237577021386585,0.9270975096057235,775.6478435756785
-1.2330134202753904,-0.838043219058399,417.9425710599211
1.6697371882627285,2.900420148060981,1156.9216168436303
1.715977531460006,-0.37028016884012893,786.1514309152008
1.3535575604184464,0.15468635781978757,780.7008459830796
0.2715089304514715,-1.2167594647071347,440.5340911353009
1.345133043996393,1.7936446744924865,916.6923947408064
0.03318511838951675,1.2053002933350194,691.3402505891626
0.22013534042363983,0.3802568009663556,856.6888925313115
-1.0503506989648328,-1.2683746455561988,363.5095196042092
0.4104668750960923,0.29375001219924596,617.8751204687237
0.08055653439881254,-1.0423295138641975,498.7066092536735
-1.2553708686005025,1.5491796584767752,554.3479065048514
-0.0288071342723975,0.8940668488425577,802.3441941278592
-0.056772079702840456,0.17817776027014307,540.5942005682763
1.7831795922236444,-2.1742717279407686,539.8429512742613
0.8977992203423217,-0.9039019234453098,646.6896257917081
0.03258946477555235,0.7722702870561242,704.4573632375307
0.26521063779635135,1.2989624233849029,767.982373332458
0.06470467380568776,1.1949385453534564,728.3857819779568
-0.1775063791797186,-1.5143180259999387,374.151753500502
-1.0395261929989588,0.38490709521702304,471.8076779645196
-0.12667580228455647,1.101004019457592,660.7979638356823
-0.7098867893788533,-1.580838825572062,434.7571363569541
-1.2040752581411047,0.07452531550360121,455.3369736480845
0.522425355758791,0.35711436259426904,611.1195677011464
0.4048541327159072,-0.21921010428140808,551.7309080627947
-1.7297984668443054,-1.775244456587915,277.09948067082587
-0.09887278273962556,-0.2442181550970689,592.6962936947981
0.997268694001848,-0.2458302795120853,695.1198212179701
1.0595275959936592,-0.06606153145397418,657.5519894311183
1.026804760825972,-0.48270216803868177,670.8361108513512
0.05951090240103247,-0.36188284656048014,489.24497230511815
-0.8068658168375606,0.04262849396445889,479.9615908137856
-1.0407725304207243,0.5262305462841804,612.3090288518989
0.35912243374912883,-0.22288322843591923,657.8714932457609
0.3931078797284986,-0.32841989996893056,500.2173443562918
1.2830979439291146,0.1750835390600345,661.3734795183553
1.0994728778762846,-1.8442040310180674,478.1842261518594
-0.10822697252864008,0.5609144287258242,772.1119395876185
-1.1980871183906432,0.08188867704155128,312.26662730163844
-0.29138793606251084,0.12226562665073777,585.1191986562579
0.2342821696624503,1.0460593720104814,616.9277698665362
-0.17669216306793864,-1.8761989821690457,284.70733237322617
-0.5450281985559967,-1.8972801451919996,266.1962513640194
0.2692266441418772,0.35707569437557085,614.504275460861
-0.4725624162161126,0.07531533004210339,496.0465280707804
-0.5942022603978807,0.2531390544185955,548.1911896406041
0.32662975349691364,-0.3810549024424844,522.8695890792042
-0.37262532819359684,0.7487928654804109,512.526592107539
0.2606208596350423,1.0178799308727577,788.7166690585917
0.2891417057291319,0.5678823603321138,735.6280509313059
-1.0953942385406714,-0.17915460990772322,512.2116296841061
-0.4502976291196367,-2.03153575323416,165.69440139860387
1.4305514250753077,0.8539888901498744,849.9994911628337
-1.1175942345721155,1.307833835253315,674.4777971372364
-2.0531828045097327,0.7289384357558002,373.1853990658577
-1.803441631190272,-0.7998181959982829,298.99225324621835
0.049902627597421735,0.7582618029466572,664.4649902729686
0.051674011475378104,0.9455552637156597,843.7273454441045
-0.09389991750835357,1.6459289619059887,919.256547154384
1.2114114314667408,-0.7962751343086074,473.1372805190792
-2.598300444025867,-0.14467799352848598,495.0561670026487
0.4094304771690262,0.8319590830239475,646.0479758880311
1.551753081198626,0.1400351257335186,831.4868922991303
-1.0839776841824644,-1.038213804822407,420.7824497337741
-0.35088053775110406,0.4983090184047751,522.1180848768703
-0.7165453249654915,0.662844694015267,623.6116278420858
-0.8551859503346539,0.17067927213986064,502.51824341068226
-0.29840102397763624,0.30269471744749804,628.0703911298806
1.420464468493029,-0.17702570892798042,720.1576043566129
1.8222129770852458,1.5651509261171093,1046.8392986642991
-0.307885765398227,-0.8209308694588081,454.354978902149
1.8885404981381952,-0.506622790359691,696.5976043206887
0.05624053959068207,0.09347180615660022,682.5610479663401
1.7401820234265954,0.9640346532160757,917.2752631829036
-0.07007127821933914,-1.4193953181209338,459.53042616897744
0.1498227775409074,-1.2317597317604077,392.7032388520741
0.37957690876051375,-1.9613657622998115,298.39900382423946
3.1369983837995004,0.11524640758532205,866.3910235069299
0.8557252938847347,-1.0391949438345967,491.26614856524657
-0.6718254602464994,-0.3032460619737955,536.0234752949368
0.9710963076897445,0.7458084874951827,844.3438938381149
-0.33326406297001665,-0.5610068162493564,464.42119663503223
-0.458637444122747,0.3144267752926103,683.252345945031
0.9119010757240403,-0.2177791628896558,754.4171385602149
0.0518389735559116,0.7565767026688832,693.2341899007309
0.2944067511906854,0.5590016687003333,609.1216178094985
0.0350787316137177,-0.6115484088150003,634.3966106004193
0.35126020768591687,-0.08670239138758347,598.5387141702165
0.43788505716569376,1.1293165739157336,767.8390131845522
-1.8770692486259273,0.4770061196332378,416.34012911142463
0.6746863023572081,-1.3186840798551829,417.8385938270418
-0.9411155125483653,0.7400311419160391,452.9810709323125
-1.3922403270215125,-1.0053990350977484,366.24627763629337
-0.035877778204458054,1.4991884880837696,690.9883596977229
0.10368230644242056,1.1096132990186447,966.0524594321143
-0.6583407468927818,0.37320539250105184,468.54975404398175
0.8358744204016216,0.2401562651215553,591.3805289806312
-1.2941078100303398,-0.12720359017369948,471.50970988869415
-0.377478018762679,0.7630054971907494,753.0735776081311
-0.5518693936217993,-0.28943295748433456,492.18637872671025
-0.024288981918270378,0.31872743944298626,659.3890510578353
0.2946893856831493,0.9569940104695718,575.0347590503612
-0.9664744213354999,-0.481032309855163,367.59299615923345
0.7312484669378656,-0.53558106509485,502.5958806157341
0.08312093367336366,-1.1154819474957873,301.3727111507044
-1.8329440244528878,-0.9852009672554847,282.4270638555792
-1.8982636477860122,-1.7514068751129408,-4.692791141518057
0.009297410058575099,0.8144636834879934,570.5718481019366
-0.1952006338205045,1.8967747927869403,741.9975097502237
-0.07999142759283205,1.5120426678698136,684.1945949828873
-0.006054215338013543,-1.5484913510763392,423.7842958883616
0.24244515874614958,0.8094746985348624,723.9849598899605
0.9501726612730189,1.5088104420837831,926.9216226504932
-1.0676335008860014,-0.37572191536660493,484.2630108366187
-1.1272895626028117,0.18420411134355166,576.241555536837
-1.0502061203953783,-1.9314411280484423,239.566976113977
0.3045418276766594,0.349986891944695,675.1773589394013
1.2415572176832288,-0.9842852215834395,627.7886664860137
-0.40138848126761384,0.2826851784749432,582.1547941167129
-2.430569698896934,-1.4834158555056036,120.71012012800296
-1.6487290012565783,0.6269342693185416,458.1482979290924
-0.7950960611961841,1.1100283715469539,564.2331769052043
-0.5252640614819707,-0.703067306515916,473.97487423744474
-0.37889415880737226,-1.057867353010417,405.2092135784628
0.059185423584728045,-2.0800138760720377,282.0814471411528
-0.2841740645724799,-0.1847563792086126,473.8761572827666
1.0498400616160601,-0.5008788445521514,528.310790717925
-0.641199739038434,-1.4732019074472105,414.58324724907254
-0.8237948980408045,0.5368262735706927,564.4198683724493
0.49072244278445953,-0.3688618731285774,514.8671064624267
-1.4837266830558136,-0.9964978451923154,372.03129793812167
0.40331246395706266,-0.4737765493402687,517.5845770715968
0.12188508869922482,1.1569600945820004,616.291812883202
-0.12313820482846381,0.6871925621574574,729.3059673963406
1.5780571842389766,-0.04796124840517999,690.2567241698184
-0.5884601494927576,0.703408962776656,569.3599304696073
2.0406907926522533,-1.0819284315374862,660.0147839139333
-0.19957597429200652,0.11492031127123857,662.7484049876429
-1.2302450867803576,0.23021612993410856,481.58001843065864
0.08990056390978941,-0.3887873790428996,444.6822069880168
-1.0334671550145402,0.5192133656253445,578.1406406119877
-0.7154318518172926,-0.7003126905135783,382.3732227203779
0.41050803532760016,0.5937980044313234,841.9157326570405
0.5659033100127794,0.6359617187481106,711.6916836889363
-0.5884211949757742,-2.1742717279407686,78.98039014268087
0.9891374642561674,1.2763169502154788,860.1663966983081
1.1558567592789066,-2.1742717279407686,591.3185991829317
1.4291055829193935,-0.5354369211019756,785.7779156732252
0.5402551200224751,1.1108662272415013,912.459447924028
1.3576819734345142,-0.23578162888884863,606.6876493477599
-1.8220179278523638,-1.388114912890508,298.95003098439145
-0.2902117564799988,-1.0145527530422933,369.20133455221634
-0.8283889651887174,1.1124285952608506,644.4713158794857
0.13822614880316347,-1.8447943949938779,269.505848147724
-0.5387114976427294,1.2148190800865941,616.7775490051511
-0.14148131104087902,0.027186659616537726,512.6722281308628
1.866110350471174,-1.1135059084913213,707.0144707787222
-0.14497241871914499,-0.5024045292109645,567.1117414152117
0.42693371791872425,-0.9378113381093759,531.4578891332901
-0.20627785046647043,0.9512677802769476,562.686377666169
0.09557903482438859,0.8170704726334481,660.5315112512463
0.027268683395136845,-1.6418461997373486,324.61301334306347
0.46077863489157583,-0.32234498649009846,655.9754129105552
1.163501400285504,-0.7833122421784536,697.2032622987792
1.6359992278523663,1.3798296897397562,994.471442857928
0.3248334542997353,-1.2716810682538708,398.53256046238454
0.599192552174732,1.6914775565129831,622.2995313826035
-1.1066022959262474,0.049059200711326634,329.56122848900645
-0.06475721198267959,-1.0829539376044122,555.5103552394041
0.9429589085956045,-0.5968450797900889,570.6556492616596
0.870116313309712,-0.7215613991464348,520.3446334882922
0.2287725177657084,-1.1959747424568026,589.619588512543
0.8901353775869905,0.17756375172811129,791.2314147635066
0.5023770994863394,-1.149132297655859,493.6827025699436
1.1978040031392991,-2.104429803282751,424.9144334922316
0.3049755164030545,-0.298357855636964,562.8066421688802
-0.32725185029246234,-1.725791424410197,356.26044874374793
0.3505330937008924,-0.671955597989791,661.3286040307686
-2.8509335763971944,-0.8293667137041265,221.64560972129783
0.3966418648231712,-0.7913666545232044,581.8249676385386
-3.1149807591389305,2.089397379906528,603.6571809164321
-1.6678122795506063,0.13903363696443546,330.8489672378532
0.4641546585250409,0.3285578731186363,725.0103325714617
0.4894030172915458,-1.699254442433431,401.01963779267527
-1.1179365550963272,-0.5734643533596695,193.99393028775503
-0.6765667547163999,0.2983996205459763,374.3725480462226
1.3646527877453054,-0.9451377430754692,522.6612203903576
-0.45303116384104136,0.9932304744451356,693.0623863522972
2.2196806048435365,-1.1238379541057448,679.0724061593987
0.019490006362215286,-0.20476861875060579,570.1934149525974
0.4212920664615406,-0.5053498742000151,716.552899505995
1.606086659443605,0.2472652663449673,669.8787497869056
0.14979267850299713,-0.5599510209846145,524.049234661993
-0.9610358206438839,-0.18924986307328337,481.6132085075127
-0.08617331361086392,-0.15438242057474144,491.7897944941459
-0.01353076954779036,-0.6541293639977337,500.5785351006701
-1.3162254515117604,0.5689972573419962,383.7411522727494
-0.22937193214504026,0.32155436806837395,705.8158952284109
-0.706058319770363,-0.006425352537319992,450.6179529674415
0.9273440804094802,-0.3492915037752762,793.2927888855886
0.055295122610451886,0.881378334927514,686.4485251675288
-0.25579930604921897,-0.15408568832989591,615.6646010594759
-0.08269831247344947,-0.22516053993891738,538.3139028793375
0.24005582557398242,0.187456402617344,622.4154988463495
0.6259175226504285,1.7841111889398586,808.5494752677193
-0.9584564138140138,-1.2619090368710042,338.71594651981957
-0.9994989216483208,0.8546114303777411,603.6639594576392
1.1040789692236723,-1.8163763380586484,410.5467014784661
-0.38276387369963893,0.3003760386853752,564.835538498171
-1.3672896211983854,1.6622441620541084,588.5178207687912
0.4563570085735733,0.5725825978559138,876.9946194435744
0.47552511721746693,0.25358852923010156,649.6335284351143
-1.4788978640236472,-0.47967117887539523,493.293110153685
0.24628902911761089,0.11359345692205713,601.0240491403721
0.7423241181855061,-0.17036276665206956,654.0537827172273
0.3883116297664334,-0.7058724121259806,427.41232648724207
0.6407831314944554,-0.20828858809375908,582.6472671697259
-1.3549667018514775,0.281427573446562,490.2216031292376
0.34582748503185257,-0.6870568010023853,657.918273752732
-0.275229019489567,-0.7262383165753159,480.7428277848949
-0.45181585388515105,-1.2818557087982896,489.1894005119145
0.8746120500798006,0.47434634918221635,775.2008928888738
1.471223614766591,0.629406674734054,933.5583496606451
1.780051950966069,0.3148063278767053,792.5128813840136
1.3100281947939696,1.0505088167742602,1028.5190631301748
-0.08617990968924336,0.17058372816243145,550.739002053539
0.36707628063624675,0.47563610401084144,610.9963820507115
0.7729425425576834,0.3871990441960238,606.3385502798092
0.14013941020566759,-0.009360172653751383,777.6149663244069
0.14953497982906636,-0.44995498203744977,604.9336052250286
0.8287404674807943,2.303224111425084,911.3439684122228
-0.036731848300528586,-0.37084839106777234,629.7594335648653
-0.6934098439852633,-0.5854145431720701,492.181355837604
-0.38485757872853577,0.5177605235558753,757.9240699404742
0.6426736600267312,0.3350606581329781,559.786940989582
0.02430542896177069,-1.3265369718340312,400.4955347416158
0.3548149203879147,1.2084873647722794,721.7406775190564
0.6781231306756527,-0.012022662977591851,487.8099610654309
-0.34601424300936373,-1.0317981790121793,504.0302986667281
0.7625781639173571,1.2747908130730776,786.6471856211767
0.3926791492632678,0.7099991551019952,762.135825336303
-1.1888811478019945,-1.1858682142897805,503.5554070214714
1.4349892179960901,1.8649482458192044,919.2329246033428
-0.46941332465093355,0.7432199519684712,585.2889712156792
-1.6008040468754272,0.07222686572465073,432.76006538439583
-1.0028862577102295,1.6774253810694304,755.301673954656
-0.979365036692293,0.24222737756235554,461.67417596691274
0.0725072723287753,0.05428644263903503,541.370435082699
-0.24703198213255217,-0.579820276802542,567.9540771420469
-0.3087607514691646,0.6660430307549373,656.430001859833
0.6287478511723137,0.5604809771098465,545.5842915867398
0.354486960172785,0.09717747565055487,527.7178089485071
0.33113339518678897,-0.7098941430773267,646.905293706493
0.4230486986934171,0.21277166800299896,678.7286908791032
0.6252515067561907,0.012446044923437862,582.2619380257873
-2.04465476116119,-1.2550065778151624,205.554974995353
-0.3358179508278369,-1.3937580987995846,377.9976264387852
-2.115474307437018,0.6492960632247783,498.6560678306381
0.05671437365249421,-2.1742717279407686,214.9449210910764
0.016830850884913075,0.2884779503548687,546.91003491928
1.0461084532552265,-0.39705857699617014,659.0197209375802
1.1853841792917632,1.3946103755480304,857.7662656580652
0.22011355390297704,-0.4124897141705704,596.8100543377085
-0.46903728936289624,0.7439088508167414,520.7414061817698
0.4968829975930019,-0.3156467480301362,619.4567444077445
-0.496045753042597,0.19654160068586737,638.1847042361036
0.02000672212408958,0.8214923713312021,717.2266023380139
0.9878938729894464,-0.3814848247906752,644.2358849180545
-0.5253056754824756,1.0819870155869376,646.1387633355885
0.8110254740595662,-0.9142145541910409,484.53602644975194
0.6852996210607833,0.37792682932431626,687.3313905810527
-0.9144294631818536,1.0078509235872382,706.0140532518927
0.9758951797234445,0.7444637820858049,757.0716313085702
0.7060436292181038,2.004626532512331,818.645700597527
0.12127026918519622,-0.6832677581928311,469.2001035587556
-0.7257892736944055,-1.300818031487419,364.3377678174786
-0.8207448532241914,-0.9148536902459418,354.8780653485609
-0.5055968670918729,0.7448700676006904,654.3111129405615
0.5531740067653664,0.5818646688223005,745.8376993014439
-0.9152462382283261,0.18501575910308016,577.8269368499219
0.4501818631222753,-1.0438600781333498,612.881136750334
-1.1956855055377107,0.8516128948239842,637.5172202614369
-0.17863801399236703,-1.1459119277064251,347.88944310621355
0.12883854949291626,1.24486710653944,667.7559696165271
2.417868511293101,2.94843268152067,1171.3439071658895
-1.3285493596061977,0.4499999157382284,460.14854345739616
1.464108069889824,0.6673044863237647,716.1082947710672
0.16823374257002144,-0.4118794553018488,510.5057255974213
0.4243654381294295,-1.7331705393128363,375.9305585816553
0.13736566332569486,-0.5220674165987575,475.7606485942974
0.4572529358851349,-1.0137084162467946,478.06209399527296
-0.12925665451584192,-1.3688761741658255,495.26700841946285
1.4465009940443196,1.8099614834934559,958.027254485163
-0.4260203210218663,0.3561315534776473,774.8411138250581
1.1310862536831825,0.4632759131007248,762.4266217731747
-0.6101790714758178,-0.22749256689851347,465.2753422401675
-0.037681771411579724,-0.09093433188353392,563.5609160790483
-1.0292696882757062,1.0498871536892298,619.0691849151813
0.4673450340470978,0.050019683834099694,666.4422343650112
1.4377542711315954,0.614733624163876,964.3327743243432
-0.05444590195417009,-0.11413669179957267,491.1182290783072
-0.1715979948826322,-0.2607221186207775,597.9767678959822
-1.0710757085954883,-1.3286659342695981,326.3286516301138
-0.2033603797847461,-1.9012070400977896,204.05302775506436
-1.5397421235306261,-0.17989024480853077,460.98904846746007
-0.873349293184534,0.1391190162237434,606.9016892316175
0.24364697626179427,-1.2075207850945808,389.7688879036642
1.314149877659746,0.04787554783245384,717.0496265386261
2.774707711290282,0.13636668509847097,739.3430527211942
-0.5535463131930003,-2.0799987946377985,171.91601399103752
1.4281239046883614,-0.8354064834799569,707.557422736384
0.2602759504723051,0.49093465102776473,625.9335948078264
-0.12686767760231296,0.4706690940338598,532.6180448578085
0.4453618805432451,-1.0746697602464572,513.1752843613184
0.08205664711745254,0.24137510440400414,573.4124199134823
0.12957164348839995,1.1079166283511384,686.0627069824357
-0.3788397975592831,0.8618490649264997,701.561520850233
-1.3489297739536452,-0.013117136240920884,345.8160708636951
-1.4915510322248033,-0.3869216237986737,307.0511051343302
0.661623604875425,-0.5487721196236532,592.1295495798917
-0.2498248888211739,0.5516715400103183,696.021148200444
-0.5628610981923211,0.27814059054402507,652.856410930718
0.029708124877399367,0.7137387337913785,613.1741057756494
0.8004928319024209,0.21472143739539604,760.3082402196729
0.19814820252704593,0.9036646694552548,643.5566848667003
-0.6216344188167284,0.17732872455946236,681.8423580433714
1.2232738286346416,0.8694875853460018,716.0902594671193
1.5691473909580038,0.9558790917878794,958.6955876054984
0.5060916642957844,-0.7244778799017209,490.3935813598098
0.975669149788533,-1.7310950800957416,631.4487818934875
1.238629254470962,1.6305597689448192,946.7208007113262
1.1289934678568425,0.3398793335106233,652.527656973265
0.6232565015049066,-1.637156987204581,403.8925318883272
0.6078176792018731,-0.6334996258879786,626.6708614591422
0.530696268787269,0.8566348596406526,818.8025258282746
-1.0541401027848705,-0.19805931987917066,441.04776547139153
0.7081575420175682,-0.4311384989054086,602.1976078447406
-1.3074753408051432,1.4875225130851417,683.1926687364258
-0.7574233055774681,-0.9679640002505424,395.4094710823029
1.2990090089402078,-0.7180855579039173,521.0977151031586
0.844879971284331,0.294471760378565,634.3504713039974
1.4791858129130768,0.47407544784391226,804.4040162671854
-0.2448991430428862,0.5802800466182774,719.632319071974
-1.1079590938394963,0.9964151660805731,713.4022751535606
-0.2142832598404035,0.28162562370405564,652.1480684364637
0.12137358246510528,0.5733001506802616,681.9124632795757
0.09878931538028866,-0.17753057107878756,626.6988713947892
1.1325034013744857,0.14533916390458768,657.5517762475274
-0.33271313122233886,0.19030905386576838,554.5185822854345
0.3664042277184669,0.2981945151964589,585.0847657714186
-0.9475918153050685,0.8573023640593854,483.94265310985384
0.4627322022438866,0.639258453642193,728.3331305686575
0.02441839546182462,0.12680262349372393,610.4579598933651
-0.7135279785399607,-0.7290909819567049,472.9357467393445
-0.20976707415740423,0.15032698274930673,618.2265612214356
-0.1591408419229328,0.05435192799787485,587.6318328668975
-0.24341010645611394,0.27621245123604965,630.6956098980786
1.7574811785941897,2.2955740049677287,1028.5025133854183
-0.0751162507260248,-0.44288486304287344,550.3339779620559
-0.21767337563379666,0.5060046860846312,558.1935190624005
-2.0343612679936833,1.1541091268306962,538.0468263594321
-0.8550500148434431,0.18074829624316674,565.812909316859
-0.236469255727078,2.427286328134848,790.6595576092483
-0.6508394853455827,-0.29671578303904844,480.1965852939863
1.3755972902514029,0.40751137291541745,717.1732652458364
-0.14028551144600257,-0.7187398950084287,435.52899735193114
1.2841889414838275,-0.2701219752050029,586.6671083064576
0.08184901114832417,0.33213142392961775,727.3045266659601
0.05785905371191209,0.9312870980168698,780.5340850966891
-0.06565862446566924,0.40250205653619503,662.4064436497658
0.025092418609155693,1.3453317645948464,899.2490832378194
1.705980076963299,-0.012795701924866454,735.3440073083939
-2.2521023093915384,-0.2507079147606366,560.7196969530482
-1.9403635965332993,2.7945206981194692,696.1212852006009
-0.5109955628152942,0.47786947166536875,603.4069029679137
0.03561059825059493,-0.6391785983484568,473.29276956111454
0.6977500150663377,-0.6138854393888328,605.4848358114574
0.48504923160053853,-0.8630441003953878,591.0363242898862
-0.3552316397548721,1.0218221919281585,654.8504199705109
1.020146726009584,-0.28301294887983436,790.316681946397
1.0310766299195904,0.21019661567300157,727.4349801647284
0.2017686198349125,0.018754957208860352,622.4235730833803
0.9648821175657156,0.8161322749224438,701.3250306404989
0.2885940599583844,-0.7668215293406967,549.1351611611611
-0.5289435314472573,-0.996333683477704,394.06084531980053
0.7053090304269015,0.30742118261722784,638.038182414809
0.12978471645861642,0.6852089919361842,611.0584737699863
0.022684871302560954,0.41597969984813304,843.7789326277003
1.465028398892979,-0.7294197057308346,619.0827297129554
-2.3807529396624987,0.7619632820143242,309.6521345344571
-1.368114949952318,-0.6636308487334284,303.1105549539611
-1.1420880823219304,-0.44064405152658465,404.5828928300999
-0.3346637685302118,-0.8643215173702217,484.132874885798
-0.22817237380693853,1.3875009307204929,765.0619065996658
-1.4559734707072904,0.7177682770126892,569.4071842880992
-0.9441916984514036,0.6892551406968904,512.4945773193958
-0.8223479801171805,1.3333927573985849,680.8164381648606
2.429917933367654,2.903509633065949,1103.1755618673897
1.7872772181558092,-1.6318814742530785,515.495623664375
-0.38218810357046135,-0.6581301099620375,386.8031505662613
-0.33497999394780986,-0.5355633565059532,384.6295525005157
-1.1049748112878826,-0.7709092404796412,458.1180047038881
-1.8488062836157777,-0.9983506556442793,324.9659050433388
-0.09318378139961492,-0.21809526118641184,620.4868432707542
-0.9566331684184203,-1.1377866515032518,347.36740112281257
-0.06179119215141932,0.4184972567683211,683.8646468475004
-1.5470062973439764,0.13430630346772976,295.28006129568246
-0.7254472155341594,0.564919902831682,640.5729953842413
0.16704259640973673,0.5916994946001319,679.9597101272758
0.3802974123620447,0.6872626807869057,749.1505502015282
0.43054017189802685,-0.29207158813401757,617.3399873792247
-1.2728529630459018,2.2099368964079398,633.5238975373854
0.8590578205469188,0.31758528158181526,583.7571249601242
-0.7629239203307974,-1.785598208653948,229.51632673020256
0.6416421302494485,-0.9229183607502239,578.1940844706176
0.010944599138703758,-1.6632518450793912,435.2830868688744
-1.3276396640698098,0.09983989910408833,345.0060233998131
-0.288536901109566,-0.03971583911370993,465.2756532580241
0.3794683805976793,-0.3873723515713892,512.4664355831748
0.6221452559285748,2.099390169869206,864.0232667141763
-0.11681199332551447,0.6330772253190818,532.8150886765752
1.5226836896821137,0.8107221057782528,716.5455511424549
1.0088431920172796,-0.8514029825314108,513.2754348329993
-0.23017762683899542,-0.9196778493841802,451.3375082983037
0.7565736647266057,0.11936896691912412,574.9812939250497
1.9167022683877497,0.25597771025458205,794.8759244793445
1.9428625013055307,-1.7794065716699445,647.975297315913
-1.1822034554600884,-0.09839249810130572,341.42079018272545
-0.8867328190457342,0.09656760116944257,482.51967815626233
1.476755626939229,-0.1333387831844284,794.6545174809114
-1.0158603100354915,-0.7333681556130152,353.1035742055304
-1.2748642952119738,-0.4586943797924278,347.1080895716218
-0.4551521213176436,-0.0949343633621781,613.2371488458776
0.43324013101132897,0.1735248795106171,618.4225074629405
-0.07898837605530148,0.6890527444147374,740.694921261404
-0.6162523241181324,1.1665403102578475,688.9636138437212
-0.6394307931836255,-0.21277406314828348,459.82945477149224
-0.676797102683779,-0.3750661765998926,502.4027924726886
-0.8406446272507034,0.5214172709809539,580.2036790659055
2.257623182040278,0.6951241715155597,973.1353033771064
0.3129652901606978,-0.3530447886007015,523.7794120982877
0.890493210736882,0.8752093975462903,776.819608018944
-0.4579781095464424,1.0649667507682818,653.7212397584534
-0.16088635012373165,1.3780007365417157,782.7385594916186
-0.6779898153278234,1.8660897139291743,650.028775113809
-2.577594541075999,-0.7865523742942642,302.2173937279756
-1.3292291848993607,0.09639320792544347,491.1731592087481
-1.753234045548834,0.09376486257457738,304.93744970556406
-2.1836642091538354,-0.015913250358147772,449.9138200193784
-1.1502117721491536,-0.5687500905285524,571.2799986807919
1.3199741641443554,-1.4075488480199467,624.3748451143872
-0.022180664423585416,0.17540991946904452,710.8366981311625
1.2862662976599561,-0.6881987952354097,633.683407614575
0.42417986298349636,0.1687039700300362,508.4970818007218
0.7883655104944673,-0.713963457726133,425.4410214742515
-0.8616066020681176,-1.0204917357176528,388.3578624776422
0.5349013145390259,0.3174521286724409,623.1525940460964
0.7355918804945737,0.23382608414825573,607.815904358026
-0.5438061817104378,0.6634668856919685,596.8293726176487
0.5697828622861925,2.2748507074949087,957.5045120606346
0.5762980345979555,0.36057179887760643,563.6729158618131
-0.517250419948343,0.5689851197381784,557.3443403122565
-1.0790650461792497,-0.9983286713934205,469.2054519584467
-1.139204505706807,-1.2083005125598112,231.13520352809792
0.10615663231818126,1.6700139356402448,858.1709827781426
0.3418773606722062,-0.8437865771481178,473.1049523630156
-0.755390925024332,-0.9646109329807534,429.1376291659677
0.047428236403628796,0.04323767047980692,675.7528641628529
0.5805608056194572,-0.008008538657294412,695.5331553673637
0.6272666589293706,-0.8227506151478016,616.2510588704451
1.5423851084686777,-0.2234313176331656,616.4637430940404
1.2729535301787889,1.315503743502277,954.3159458771208
-0.9600042077455974,-0.7259492432655033,324.9361744937443
1.6714715815895886,-1.315384674030135,611.8812640755847
-0.4990437798187239,1.0278644633258407,670.6732790121816
1.0454621075365769,0.576221830472274,792.3727153875736
0.08800605517829586,-0.5399198756854919,549.2929622120847
-0.38258010917714524,-1.5044426105165287,291.4202219370953
-1.7503703399518473,-0.664395556955701,211.88611826622184
-0.14678044140735902,0.027585510410395753,636.0669109533942
-1.506995639868809,1.2516097074276482,588.8090934570106
0.9694314588656558,-0.9572268312871068,654.2902338765438
1.5079955303757697,-0.0023190517570361386,727.9582451975186
-0.7596888636472504,0.7596161050806546,478.913111403562
0.3173362592351157,-2.1742717279407686,427.4874487322557
-0.6895919088841422,1.1193295822611504,611.885539178982
-0.5946125799888288,-1.1035314256594266,412.6177349152303
0.7804617829369503,0.4154412756689844,655.4921753230078
-0.01640006711205126,0.3298739356845502,747.2922885876433
1.7264183517231575,1.170281646190857,823.9899852341068
-0.4512692660435883,0.6350245352436584,580.8932975084388
1.0008313419809645,-2.1742717279407686,428.5295294632342
0.11684754727575687,-0.7046714724737501,418.19324547010257
0.8013217667421619,0.22107167774936148,712.6039787838246
-0.41689207812102885,-0.11310921813720608,650.8394861300301
-0.02720144506080602,0.561491751715519,603.1204309601574
-0.09182994830150262,0.8741794068116499,704.7855242730092
-0.7980563780568409,0.6927238383883585,359.4536660038983
0.6702844963774516,-0.13246194693975277,627.3808243128523
0.6586873147746383,-1.7694022020154299,408.4210763492824
0.6031206462686524,-0.37438921194143276,529.2179114351478
1.5277672889782656,0.5000661177854058,880.1767807387217
1.4418892031989825,-1.0112531107312688,577.9813152876668
-0.3461154167907934,0.7156150493509602,614.0602996621886
0.3870040322245815,0.9935619159111921,706.1369975323687
-0.5898256820223668,0.20969963527904276,389.51869848847366
0.0442624559564224,-2.1742717279407686,231.77661640529868
-0.5664488398215903,-1.1994550747656652,453.5419304523144
1.6092190038509735,1.974280380862913,809.5536781899373
0.3778359172707955,-0.46571792150254765,499.48005190163445
-0.19232088433371952,-1.9076203128219844,298.1222959108972
1.1912493339138621,1.3213929644169082,997.0812931661956
-2.1060704891263704,0.09584896826766517,436.0294312454092
-1.9526706929042503,1.190696581495825,476.6089570241501
0.8013812059874018,0.3602399539670972,807.1800023175455
0.08063741278623807,0.542383213506614,591.8326755171076
0.2668366311602978,0.4465477291446582,739.3337240505384
-1.278642590406704,0.7820265416390297,432.3488074248238
-0.0013999215670839147,2.3666910798086183,946.828909284828
1.985031553283107,1.0563621031720904,874.3810097175578
0.8291780748161752,-1.5026094492976316,400.4989045628206
0.18770277884509312,0.5304500309271027,643.1985473016446
-0.4089495133316411,1.227346078483102,705.2598355395096
-0.36535317732475786,1.2887491018473975,655.2869371553411
-2.0654767574105652,-0.345426635819063,370.2038935925322
0.2738876617343467,1.2508798878229226,708.917864821566
0.8500382377925083,1.0129688521044482,835.5071903088386
-1.5229087980638587,2.662660074730324,776.517924682234
-0.6268897259100196,-0.6697900125879712,428.9842580428623
-1.1130711434198788,-0.4264637248614831,378.0548826193308
-0.9247788162667873,-0.22458057223212607,468.8538583651505
0.07378955842080688,-0.4092339526782811,580.5418041202329
-2.0215720042902596,-0.8102275389010628,439.7012267480489
0.623424356386372,-2.1742717279407686,456.5806775795609
0.7602326685309906,-0.35354532068252215,691.3007661318595
-0.22473651762400082,0.45291551754618614,856.2936839491199
-2.4099958795177963,-0.4122426141487584,324.01920568226404
-0.9552283204583435,2.0236194393815565,761.3753603281904
1.229751355401338,0.09586924988035585,771.2164968819054
-2.701368676513563,1.377341361086207,386.4067803421787
-0.31923954463681176,0.34465524805871545,551.1059773947437
-1.1351590487549528,0.9113308747825783,530.6752580050784
0.8099391810879215,0.36252965614001,755.7751348080761
-0.6403143530801441,1.4553293469846167,672.8087956363854
0.4172911038491818,0.13856000848414407,648.1659981273933
0.5755851618745648,0.5800570558395689,793.0768964994407
1.8210752301938657,0.44988134948170416,886.6345951073383
-0.1775337819612051,-0.20669367781170242,522.1738704138851
0.3899365719197925,0.4886462566555868,622.6027074829647
-1.4341462527022069,2.3235182195692867,800.4427801632334
1.1881080725378035,-0.18875169352070376,738.5050177507106
-0.7240107560845762,0.5031721185804449,435.78435687162266
-0.5282291657324881,1.3439918731675224,659.8057425828963
-0.0004336153017669621,1.2261149224004053,737.8468511897336
-1.5104271132982756,0.09420489500001486,497.4239129620214
0.24559149793180443,-2.1742717279407686,415.68512248807554
0.9695951736029348,0.6007006857348226,771.4634456243549
0.30847908330951235,-2.143654746002172,399.7762738236713
-1.535922932734828,1.5567842882270004,612.6336554853275
-0.09997507030191903,0.25243388095797226,544.0478000557804
0.7486417224370763,1.085115473966304,763.2626213992874
-1.819264149641323,-0.8223540651412141,295.4670817528917
-1.0320173893328128,-1.4746944161705304,293.44816182073487
0.8804809443381292,0.34398722872964815,558.0990541496144
0.28609494648195366,0.048749577575402,581.178463830637
0.42514919702927484,-0.41055657028160336,576.7087113209476
1.843881381464762,0.16736778810770633,763.5992350978067
0.48060500106989884,2.858161135440202,949.2016812535646
0.6661743808566815,0.9194733774363384,794.971176391972
2.678200839447225,1.1350889842099117,900.6978104615401
-0.18818034044565182,0.9289128518572997,539.6485940612567
-0.7606413095093051,1.566337670828278,659.8935976334797
0.4406592596986005,-0.10818633441023859,671.1001915167672
0.45163123114192705,-1.978449472788762,522.3319891767853
-0.4948674201623617,-0.10669635427955072,577.2683839722372
-0.9904911086320173,0.8966154218963618,466.70748245458776
2.2852736030458267,-0.8902456433143515,686.0190156450574
0.341714271912597,-0.09443964598934432,622.051183466605
-0.6963486503478433,-0.6113839655913942,447.9663820534023
0.9190842464392697,1.5889722312549308,904.9809046845656
-0.08560259534875,0.8341505780822986,595.6564109757933
-0.2264799946544461,0.7359415140363339,648.0921768495513
0.5724610145034869,0.7059127187855936,754.4452711480562
-1.2448152308289482,0.045092867750589086,522.3955391348685
0.36698517047117735,0.28060022981074956,584.5120209659942
1.8962780694058143,-1.1062736058574372,611.4607817298653
0.478277125502965,-2.110523733596678,157.9393143637957
-0.3473576220334883,0.23298317576596908,520.6715678568345
-0.47564735110864137,0.40741211106084824,536.2151112721497
-0.38080669288809404,1.29533248263184,612.510990223139
-0.22753972083161067,1.6584859508182297,766.413002143718
-0.3489203380317619,1.657144622490724,736.1435303604248
0.9194578044351857,-0.9185531998195128,381.1312027059824
-1.677364134783528,-0.2708644877462752,391.64792302926986
0.8662266599830406,0.5642234585008195,659.5741900838567
-0.35076293762194766,2.6219259251353346,894.7150255500464
0.3908220191691256,1.5669766348435765,702.7585831969138
-1.0832005992641178,1.2051964651157583,614.0293915021944
1.3235764486528183,-0.30649358533219323,653.6754857081083
1.2422311233051662,-0.8033860321655532,632.8276910745986
0.9618760739734777,0.8737193635669319,790.6037807931039
-1.4632548343768423,-1.0214976518018488,286.0320367108065
0.834001639086624,-0.1566955731193802,521.3979598654294
0.4181742486505785,-0.03266755973959834,498.5355178064577
-1.5519709453505774,1.6801267147172607,573.9113708541028
-0.002442438177092821,-0.273304025735201,544.3441945533901
0.37865562129772773,-2.1742717279407686,307.7936131273969
0.5663866857994562,0.5884058754288573,756.1578395481685
0.19510733626781257,-0.6186577520411967,501.50584078547973
0.3068105372974801,0.12521190458734943,547.0378466349068
1.4656731350044596,-0.00451040144972941,704.708871685222
1.2230199352810485,-0.19206863193134294,697.8276983982599
-2.7886579448333126,0.875156344262648,424.1261519418569
-0.28975307102238324,-1.4549931100727114,524.5826896733573
-0.14000446696971086,-0.4361061083340145,457.9804430508081
-1.6958778953091251,0.7685359399808401,490.9963993741565
0.11368144386861112,-0.533466799802918,559.8180485274611
1.2452918232309862,-1.5311619289350025,519.9451353925889
-1.0435844979904163,0.753007093164873,521.520403552657
0.3510816434633397,1.2089049851855844,634.4708754144324
-0.8762361983531705,0.03732376022307339,452.1514626289542
-0.6371761105401856,-1.8842530522335266,201.61113279826435
1.4693801486415248,0.7905333271810799,684.3271985309591
-0.5103947445757282,-1.5823957812368268,272.90336488480807
0.47439081907435365,0.3921757262369638,589.509824461526
-1.812628167046736,-0.8076629713043851,343.08545304827794
1.846647991045818,-1.0808525547361292,685.1383888405957
0.6120374446254238,-0.360777416145464,524.925699414617
-0.15749827155904614,-0.10139197029775018,528.936018518653
0.5854706417236974,-0.5636803130441601,421.5902479846128
-1.3604066373789208,0.6729163526011024,480.1152544764216
1.1803820392503834,-0.3649492097359545,686.6433008163933
-0.29616908823813237,1.065574091197399,741.2194582201038
-0.178638926092254,0.36446704138168606,546.290061837069
-0.460504977401127,-0.6171887277473576,541.2759625540962
-0.5477306510061264,-0.7860746959551519,306.7667199444894
0.7022253810919447,-1.5699671607818195,361.9572813456448
0.272188571406353,0.37405562820617816,707.2516156054711
0.66015663299064,-0.27319394197023134,746.3140067552008
0.012751909616805255,-2.1742717279407686,358.5950901061385
0.5243640102051457,-0.45486265184668134,573.8068054526691
-0.3891462251726846,-0.8212737367675622,264.37634237512526
2.206754450753356,1.6628407043501812,840.2587307179557
-1.5153728187178188,-1.6254147108683212,239.2262878814225
1.257229124759305,-1.3632054985092272,514.486622822518
1.3620716305644407,1.1957407676406777,771.5202876726115
-0.8138378087193245,1.4432719407042087,672.8383047655203
2.2063053340494463,-0.6647562140238771,732.7399178091451
0.9970617898564411,-0.5515216518797926,689.2519990406843
0.9731948573206384,0.7005307636478854,771.9903309097048
0.0488365034368874,-2.1742717279407686,421.0737681693385
-0.19153388541033514,-1.784303281569291,345.5736644013707
-0.18387203989049497,-0.19911904765344066,526.1443096093669
0.4041346695281247,1.6369766016306313,900.1849024672215
1.3946885435654222,-0.3545790156030116,599.5557465200661
0.19907957652419978,0.18369194614364961,845.3996330556535
-0.8719434589005206,1.2196315932852908,664.9309486472913
0.8294009936029754,2.1956356083004507,955.7352144588892
0.9242008566274977,-0.49611919937222965,654.9009357794894
0.6630101129410653,0.06556640902992475,803.6164640232988
0.7520427080816454,1.9099547491587896,946.597110147448
-0.24416773239511255,-1.4442956277308177,251.8387956409339
-0.8891400243982307,1.1131059380187327,732.6884425348011
-0.8295535068796952,-0.9389057909082349,353.7110666969696
-1.5815624318554067,0.18523211130219264,447.3227650337389
0.25360740964737566,-0.16089077149846392,482.2402576925408
-0.06041732430268434,-0.878421612533593,508.7898910431048
-0.4098647347116745,-0.9035869337551597,375.91905502263194
-2.875460291995548,0.35969401607168944,335.6214123154214
-1.2011368201033614,1.0809684237825818,562.0050519812423
1.1199189564493923,-0.04767052371705441,840.5167448965644
-0.6300350049473519,0.152776182190576,690.5318030533201
0.37479123190600033,0.6553347463675053,698.3211093377892
-1.3416532110565171,-0.8920694562913942,339.4554211504275
1.43146149893455,0.8243568852585305,792.7582119375127
-0.11979129546882687,0.9042455472203998,762.3989089619249
0.3056432061674906,2.693861920002743,905.1256058717328
2.3008920204888197,-0.29477489790549366,743.7384943493626
1.5076499861279902,-0.3769975377321906,764.9616229519622
-0.2790963986486412,0.8537177456585904,608.5554148348117
-0.560049441755379,0.9040059049234408,625.9500790265382
-0.297698291377882,-0.45423305621881066,366.730177921962
0.5211281152378257,-0.3219142613122732,648.9455312259012
-0.08175956654195835,0.6252017199512154,799.6826422956273
-0.36601111852924534,-0.7476044089451837,508.8635064354768
1.4593708881055227,-0.3293076050337337,804.3979799128869
-0.09056659856776011,0.17231401481487427,521.6419720122419
2.275222251100068,1.0813689741077095,958.377494044659
0.11030938035807819,-0.5239522867816057,451.06962848412127
1.7711803268903437,-1.7654378388702492,529.2244603322847
0.3715840616678301,-1.8398726648934058,457.5171643570778
0.9651790916841594,-1.1807239588381961,543.3121383684727
-0.6888269618463206,-1.234639281436855,246.94748685613737
-0.81540639327112,-0.07261942847810679,380.86845826384945
0.47193413970067893,-1.109980224884162,382.8118625505242
0.9902627261727923,-0.622402016906916,643.8409362631543
0.060827479542305184,-0.6939461481483045,666.2469068547338
-1.2394354718184488,-0.35937106890918075,517.4963827098882
-1.311831337549591,1.4089107161194925,460.9958672221569
-1.3773791783631544,0.746379588952811,640.4061455586206
-1.711092674407518,0.09863108287922906,490.08535190035417
0.12867938438309323,-0.3799508176075523,422.0013866327076
1.124038624276718,-0.35207411930835014,626.2603440392003
0.008222725180259013,0.4111795519551406,715.6297906214179
-2.1940837397987836,0.6683685951305194,478.0934939432724
-0.16559458667550625,-0.8278768914358582,357.28224904343426
-0.13818927270255693,0.11904325278748547,626.9571634741426
2.075681292654732,-1.9552385637852099,384.80547909653376
-1.4067839631081034,0.29480004781843233,451.8660887479391
-0.3615354040353979,0.8468807413339718,733.4266903271266
1.6932951755011427,-0.19845228669335777,728.4485700744569
0.46240000695166283,1.9044100002501674,813.0660696745118
